date,portcalls,import,export
2019-01-01,61,314921,152829
2019-01-02,53,161296,219304
2019-01-03,51,91184,217654
2019-01-04,52,322013,147784
2019-01-05,52,117089,169342
2019-01-06,63,158429,255384
2019-01-07,69,310966,152622
2019-01-08,60,285156,177861
2019-01-09,59,236600,213830
2019-01-10,50,151174,136153
2019-01-11,64,268055,357632
2019-01-12,63,136214,189677
2019-01-13,67,157791,257703
2019-01-14,67,235403,129037
2019-01-15,48,137037,85575
2019-01-16,53,198257,181689
2019-01-17,51,176058,201432
2019-01-18,62,233573,175897
2019-01-19,65,180480,224061
2019-01-20,62,333323,224044
2019-01-21,52,197984,88272
2019-01-22,59,290179,177653
2019-01-23,61,254815,207114
2019-01-24,59,226034,126106
2019-01-25,48,157965,115950
2019-01-26,53,173097,240692
2019-01-27,71,240194,150779
2019-01-28,78,273414,163012
2019-01-29,58,177470,185422
2019-01-30,63,253792,183641
2019-01-31,53,151912,145533
2019-02-01,63,238267,119504
2019-02-02,55,155587,185487
2019-02-03,57,237637,134618
2019-02-04,49,226425,71071
2019-02-05,42,307750,94935
2019-02-06,63,244328,174888
2019-02-07,60,338938,123395
2019-02-08,61,240417,204375
2019-02-09,44,200226,226546
2019-02-10,67,402893,129251
2019-02-11,51,256294,139710
2019-02-12,59,144386,252481
2019-02-13,61,232037,171725
2019-02-14,54,184217,257602
2019-02-15,58,132947,277815
2019-02-16,49,175134,122823
2019-02-17,54,128427,272302
2019-02-18,54,78286,195044
2019-02-19,67,128980,231031
2019-02-20,66,216269,211032
2019-02-21,39,222815,163483
2019-02-22,55,114465,249265
2019-02-23,64,227725,248528
2019-02-24,58,229367,207465
2019-02-25,57,120382,103442
2019-02-26,61,175105,210062
2019-02-27,61,234259,119982
2019-02-28,52,206459,134997
2019-03-01,52,267736,170839
2019-03-02,49,307760,165601
2019-03-03,64,323210,253978
2019-03-04,56,223862,167123
2019-03-05,68,202859,204076
2019-03-06,69,273950,203391
2019-03-07,61,224035,176495
2019-03-08,55,248523,146903
2019-03-09,53,207780,128231
2019-03-10,56,115480,219926
2019-03-11,69,219104,130979
2019-03-12,51,221751,191944
2019-03-13,59,129409,189232
2019-03-14,61,275549,292905
2019-03-15,63,150081,129662
2019-03-16,53,348921,192212
2019-03-17,72,156666,390526
2019-03-18,73,337346,141092
2019-03-19,50,177995,282231
2019-03-20,44,160737,142785
2019-03-21,59,113152,260785
2019-03-22,62,165171,200375
2019-03-23,58,291174,162067
2019-03-24,67,206954,281456
2019-03-25,64,240948,98377
2019-03-26,59,168741,229043
2019-03-27,64,280547,293105
2019-03-28,60,353044,146232
2019-03-29,50,125485,240289
2019-03-30,54,152436,155667
2019-03-31,59,172982,218733
2019-04-01,64,185654,158705
2019-04-02,54,171433,78719
2019-04-03,59,279194,287629
2019-04-04,52,206818,236491
2019-04-05,60,221694,157922
2019-04-06,64,245902,157506
2019-04-07,52,264374,162559
2019-04-08,60,216160,223965
2019-04-09,42,81187,83169
2019-04-10,73,341240,170762
2019-04-11,70,296098,285955
2019-04-12,52,146999,192430
2019-04-13,74,239912,300104
2019-04-14,61,179608,153555
2019-04-15,60,228199,193491
2019-04-16,54,167576,174103
2019-04-17,59,197977,119051
2019-04-18,55,349084,199607
2019-04-19,58,201772,275100
2019-04-20,68,162657,399905
2019-04-21,54,281885,105913
2019-04-22,57,165802,139491
2019-04-23,59,360701,153553
2019-04-24,56,228783,162150
2019-04-25,68,214426,272181
2019-04-26,61,179768,156910
2019-04-27,71,260080,318043
2019-04-28,67,240758,118489
2019-04-29,58,214000,161589
2019-04-30,17,92580,67417
2019-05-01,75,350689,161330
2019-05-02,60,310101,235383
2019-05-03,57,136195,235449
2019-05-04,52,153793,173335
2019-05-05,60,211626,354921
2019-05-06,57,254024,174082
2019-05-07,56,214397,123584
2019-05-08,68,155584,220062
2019-05-09,55,265830,150021
2019-05-10,64,242105,276953
2019-05-11,59,129037,157393
2019-05-12,56,191696,218325
2019-05-13,63,206690,168883
2019-05-14,54,234656,223159
2019-05-15,60,320614,173747
2019-05-16,45,139204,150626
2019-05-17,63,160072,247414
2019-05-18,51,181180,151784
2019-05-19,63,224209,122626
2019-05-20,56,202456,89239
2019-05-21,44,188048,100921
2019-05-22,55,122675,169456
2019-05-23,55,175039,153014
2019-05-24,62,354468,198485
2019-05-25,56,188840,174647
2019-05-26,65,224145,198074
2019-05-27,49,139052,168551
2019-05-28,55,210839,129397
2019-05-29,58,244313,275521
2019-05-30,67,278101,251752
2019-05-31,58,237113,155166
2019-06-01,64,203452,205544
2019-06-02,62,266305,196158
2019-06-03,55,277247,180148
2019-06-04,46,165883,183576
2019-06-05,48,247100,164371
2019-06-06,53,222692,159521
2019-06-07,61,197182,247990
2019-06-08,59,300360,123140
2019-06-09,67,167840,274285
2019-06-10,64,181356,156333
2019-06-11,50,362061,187426
2019-06-12,57,223873,162410
2019-06-13,58,162412,193895
2019-06-14,53,176380,268839
2019-06-15,62,171365,117959
2019-06-16,73,249748,259957
2019-06-17,58,189204,96984
2019-06-18,54,185551,149963
2019-06-19,66,227872,247669
2019-06-20,51,188691,185888
2019-06-21,60,169814,187149
2019-06-22,69,171470,225932
2019-06-23,60,163507,238953
2019-06-24,56,189083,160922
2019-06-25,42,194666,189977
2019-06-26,62,289837,170506
2019-06-27,55,180797,262225
2019-06-28,60,188824,204078
2019-06-29,56,256985,194384
2019-06-30,64,160696,132248
2019-07-01,60,288699,144763
2019-07-02,48,217132,118202
2019-07-03,60,289091,148190
2019-07-04,54,176145,244940
2019-07-05,61,238670,139026
2019-07-06,57,139865,211202
2019-07-07,63,191131,288709
2019-07-08,51,261906,73614
2019-07-09,46,129437,168906
2019-07-10,59,239254,159621
2019-07-11,61,245758,218643
2019-07-12,61,242105,205736
2019-07-13,62,190456,216464
2019-07-14,71,205251,154941
2019-07-15,60,206597,166611
2019-07-16,59,263574,199843
2019-07-17,52,161077,116422
2019-07-18,62,213347,196823
2019-07-19,20,64705,59307
2019-07-20,12,22799,32787
2019-07-21,114,272624,400274
2019-07-22,92,403859,214126
2019-07-23,64,222712,255894
2019-07-24,51,194873,183821
2019-07-25,60,275457,245425
2019-07-26,49,122538,246826
2019-07-27,59,197706,205283
2019-07-28,52,287361,250483
2019-07-29,67,254644,171857
2019-07-30,64,186651,201251
2019-07-31,60,239076,219570
2019-08-01,59,164350,196095
2019-08-02,60,170488,166539
2019-08-03,46,138313,136986
2019-08-04,60,218955,141006
2019-08-05,46,158205,86248
2019-08-06,26,82326,87674
2019-08-07,104,268585,161966
2019-08-08,68,310955,240079
2019-08-09,63,453081,232735
2019-08-10,48,198972,205463
2019-08-11,51,110844,79329
2019-08-12,68,326212,63028
2019-08-13,43,145910,176495
2019-08-14,46,209260,166947
2019-08-15,32,174821,197193
2019-08-16,52,201758,187879
2019-08-17,53,179537,202655
2019-08-18,64,190933,260740
2019-08-19,66,313775,146782
2019-08-20,42,157811,147359
2019-08-21,68,277725,180667
2019-08-22,62,247174,251079
2019-08-23,60,164969,266215
2019-08-24,44,128108,102109
2019-08-25,69,177504,276045
2019-08-26,56,196400,188308
2019-08-27,50,193644,128251
2019-08-28,69,210316,261173
2019-08-29,50,227304,234624
2019-08-30,46,91191,89430
2019-08-31,43,104761,72146
2019-09-01,42,144476,77553
2019-09-02,65,155177,80964
2019-09-03,32,126078,99721
2019-09-04,56,100024,167388
2019-09-05,44,189670,188986
2019-09-06,7,4839,8682
2019-09-07,41,120274,96811
2019-09-08,56,151141,137810
2019-09-09,56,198233,121699
2019-09-10,64,274098,254626
2019-09-11,63,198536,275454
2019-09-12,41,105995,139731
2019-09-13,51,274974,172375
2019-09-14,56,237951,255833
2019-09-15,63,328567,144929
2019-09-16,63,236017,153324
2019-09-17,58,234458,234338
2019-09-18,63,189011,267452
2019-09-19,58,280024,240221
2019-09-20,50,257471,316618
2019-09-21,4,15724,5608
2019-09-22,3,8032,4563
2019-09-23,110,388937,372935
2019-09-24,90,380265,187231
2019-09-25,68,159629,269882
2019-09-26,57,351787,246543
2019-09-27,62,125568,277558
2019-09-28,50,190081,184909
2019-09-29,55,220168,183820
2019-09-30,77,239947,201050
2019-10-01,43,234162,82568
2019-10-02,4,3265,2292
2019-10-03,75,286732,118899
2019-10-04,62,302093,285784
2019-10-05,62,211184,206204
2019-10-06,58,258266,178419
2019-10-07,69,269012,156778
2019-10-08,61,159363,199803
2019-10-09,57,151701,191180
2019-10-10,61,262639,279634
2019-10-11,47,198817,194263
2019-10-12,34,167205,268102
2019-10-13,39,151999,117686
2019-10-14,64,232720,147745
2019-10-15,55,300536,224545
2019-10-16,66,186764,192736
2019-10-17,57,210679,168526
2019-10-18,54,241800,268913
2019-10-19,69,192951,281243
2019-10-20,58,192897,140106
2019-10-21,71,319543,116147
2019-10-22,51,122996,153460
2019-10-23,56,193335,178103
2019-10-24,49,206545,165492
2019-10-25,67,225430,185238
2019-10-26,50,171822,274087
2019-10-27,73,170962,222643
2019-10-28,65,259402,122312
2019-10-29,57,192378,171951
2019-10-30,53,134210,173684
2019-10-31,66,182671,322438
2019-11-01,56,174714,153896
2019-11-02,55,283732,197062
2019-11-03,66,280931,213926
2019-11-04,52,270500,125209
2019-11-05,48,253602,159008
2019-11-06,57,212133,155287
2019-11-07,57,220034,218708
2019-11-08,74,255168,252845
2019-11-09,63,167677,352516
2019-11-10,57,131795,207345
2019-11-11,53,157778,59449
2019-11-12,55,144876,152629
2019-11-13,53,273069,137273
2019-11-14,51,159377,229686
2019-11-15,56,202146,185415
2019-11-16,65,206730,180254
2019-11-17,57,126942,194867
2019-11-18,64,212488,140776
2019-11-19,61,215005,100611
2019-11-20,41,127078,149702
2019-11-21,62,327948,171822
2019-11-22,59,206430,174501
2019-11-23,67,198476,205816
2019-11-24,63,204957,162808
2019-11-25,58,197532,237766
2019-11-26,45,190307,132964
2019-11-27,60,202753,205016
2019-11-28,46,195087,192994
2019-11-29,73,358507,302682
2019-11-30,65,168984,199704
2019-12-01,51,180172,141188
2019-12-02,72,217415,185437
2019-12-03,60,236061,140269
2019-12-04,53,185325,174085
2019-12-05,55,287530,174793
2019-12-06,54,170382,195478
2019-12-07,61,156441,303537
2019-12-08,60,244707,173035
2019-12-09,67,316871,223503
2019-12-10,80,243172,296116
2019-12-11,46,188364,106663
2019-12-12,48,175280,156281
2019-12-13,57,213596,226621
2019-12-14,62,249160,191482
2019-12-15,64,183214,352895
2019-12-16,62,162685,153068
2019-12-17,50,168719,179768
2019-12-18,49,191895,150648
2019-12-19,54,227945,158215
2019-12-20,65,231440,243556
2019-12-21,61,163676,192623
2019-12-22,77,314905,165358
2019-12-23,71,238454,274306
2019-12-24,53,167489,116338
2019-12-25,53,156815,151383
2019-12-26,52,243727,194003
2019-12-27,52,186166,162983
2019-12-28,74,171880,199784
2019-12-29,69,257803,173266
2019-12-30,72,274637,228591
2019-12-31,52,175451,99403
2020-01-01,60,162758,236528
2020-01-02,53,240606,133504
2020-01-03,67,288278,166273
2020-01-04,47,85427,195338
2020-01-05,69,163927,220591
2020-01-06,56,94371,164997
2020-01-07,35,191830,95669
2020-01-08,45,129292,168896
2020-01-09,62,262379,226987
2020-01-10,57,145119,289706
2020-01-11,72,252582,208762
2020-01-12,68,202557,167965
2020-01-13,58,168739,154620
2020-01-14,60,196142,168081
2020-01-15,51,231747,103137
2020-01-16,45,152274,198808
2020-01-17,53,285038,206339
2020-01-18,57,214470,149511
2020-01-19,68,238548,116362
2020-01-20,64,178366,151565
2020-01-21,57,154683,226264
2020-01-22,61,170570,132201
2020-01-23,61,228538,151524
2020-01-24,42,107795,86612
2020-01-25,45,209709,192025
2020-01-26,37,135396,92593
2020-01-27,28,166165,107595
2020-01-28,76,205508,163718
2020-01-29,74,318792,181500
2020-01-30,73,317138,160592
2020-01-31,57,158592,167615
2020-02-01,62,205440,192790
2020-02-02,60,135765,209525
2020-02-03,71,231492,195623
2020-02-04,59,220195,289408
2020-02-05,62,158249,239092
2020-02-06,53,251007,168003
2020-02-07,69,239910,187496
2020-02-08,51,88111,249519
2020-02-09,70,217065,273754
2020-02-10,69,239699,192738
2020-02-11,57,151060,69165
2020-02-12,55,255945,148199
2020-02-13,67,173549,165084
2020-02-14,57,155970,235071
2020-02-15,54,162345,179044
2020-02-16,43,101579,103130
2020-02-17,46,230615,68637
2020-02-18,47,271638,63039
2020-02-19,69,212693,335836
2020-02-20,61,247399,157750
2020-02-21,51,267654,237043
2020-02-22,61,127943,230985
2020-02-23,73,221108,304181
2020-02-24,64,438025,234298
2020-02-25,57,175603,172573
2020-02-26,62,287869,123726
2020-02-27,50,192424,188268
2020-02-28,62,230978,186955
2020-02-29,65,264747,255448
2020-03-01,70,226895,187500
2020-03-02,66,203897,204080
2020-03-03,57,218285,140867
2020-03-04,60,268337,120900
2020-03-05,66,325636,118337
2020-03-06,57,210812,279357
2020-03-07,62,235170,204231
2020-03-08,67,299428,220967
2020-03-09,67,177032,206433
2020-03-10,61,321966,170824
2020-03-11,57,299728,192906
2020-03-12,57,124137,191882
2020-03-13,62,168825,215239
2020-03-14,63,243376,246044
2020-03-15,58,223769,248951
2020-03-16,56,167200,137941
2020-03-17,64,335544,264141
2020-03-18,58,270872,189453
2020-03-19,42,118282,148528
2020-03-20,68,405240,165426
2020-03-21,59,84532,279594
2020-03-22,65,259707,163449
2020-03-23,74,135506,183747
2020-03-24,50,160261,262421
2020-03-25,63,326086,248528
2020-03-26,57,204457,249817
2020-03-27,73,310495,171466
2020-03-28,63,87196,264556
2020-03-29,58,146397,214858
2020-03-30,64,281662,182462
2020-03-31,55,163848,162810
2020-04-01,61,277499,112110
2020-04-02,63,193074,152436
2020-04-03,62,291267,177699
2020-04-04,68,252344,259970
2020-04-05,61,165807,299658
2020-04-06,63,200339,125597
2020-04-07,56,263360,231678
2020-04-08,61,309987,99685
2020-04-09,76,251955,329372
2020-04-10,54,215500,245503
2020-04-11,73,126863,319355
2020-04-12,44,184561,124150
2020-04-13,43,193272,157584
2020-04-14,75,211707,161973
2020-04-15,64,308907,214607
2020-04-16,54,189719,163263
2020-04-17,58,227083,151906
2020-04-18,66,132276,326265
2020-04-19,51,336656,164248
2020-04-20,76,313267,146013
2020-04-21,44,175212,202263
2020-04-22,52,91699,91556
2020-04-23,51,167047,63408
2020-04-24,56,301576,168312
2020-04-25,51,156345,137231
2020-04-26,75,163876,88159
2020-04-27,68,298537,135519
2020-04-28,65,200498,215859
2020-04-29,59,162945,140183
2020-04-30,49,281465,95716
2020-05-01,65,286368,154986
2020-05-02,73,215571,172892
2020-05-03,55,211290,160730
2020-05-04,53,224630,177029
2020-05-05,56,149597,138767
2020-05-06,58,296709,136394
2020-05-07,54,169097,242409
2020-05-08,55,284242,182062
2020-05-09,54,179763,235922
2020-05-10,61,160620,224119
2020-05-11,63,194749,147974
2020-05-12,48,154330,216836
2020-05-13,67,249367,120254
2020-05-14,59,90456,203654
2020-05-15,53,169065,157480
2020-05-16,58,138543,166197
2020-05-17,58,202597,173825
2020-05-18,66,252930,164834
2020-05-19,44,141561,149045
2020-05-20,57,262383,140204
2020-05-21,44,152842,105149
2020-05-22,51,121833,120009
2020-05-23,62,101722,146388
2020-05-24,61,84968,148612
2020-05-25,63,254526,168270
2020-05-26,49,92531,108132
2020-05-27,60,226560,148244
2020-05-28,57,223162,132708
2020-05-29,61,197830,119367
2020-05-30,61,157023,149784
2020-05-31,52,167852,179302
2020-06-01,67,312883,171633
2020-06-02,49,170893,126425
2020-06-03,57,208135,158714
2020-06-04,61,218924,191988
2020-06-05,55,160359,159972
2020-06-06,60,222307,323429
2020-06-07,64,194053,329627
2020-06-08,67,285617,91080
2020-06-09,58,201311,97713
2020-06-10,53,184342,115993
2020-06-11,50,195962,105341
2020-06-12,49,90509,134223
2020-06-13,55,162891,172367
2020-06-14,53,156138,225141
2020-06-15,58,228665,164883
2020-06-16,58,141992,188103
2020-06-17,52,258702,129645
2020-06-18,47,267378,109452
2020-06-19,47,99709,179221
2020-06-20,62,193082,149571
2020-06-21,49,140635,246928
2020-06-22,68,285732,243675
2020-06-23,49,141097,98220
2020-06-24,51,120871,203719
2020-06-25,62,212994,251956
2020-06-26,46,181655,164657
2020-06-27,63,151041,210443
2020-06-28,51,68006,178183
2020-06-29,51,157786,107204
2020-06-30,48,271602,117015
2020-07-01,68,69237,261768
2020-07-02,56,167705,207718
2020-07-03,54,336906,92381
2020-07-04,59,133733,225882
2020-07-05,58,144452,297350
2020-07-06,66,161522,222972
2020-07-07,59,227738,215268
2020-07-08,55,307296,125625
2020-07-09,58,117641,182087
2020-07-10,51,309491,80799
2020-07-11,64,91176,154619
2020-07-12,46,213302,90111
2020-07-13,64,154956,187222
2020-07-14,58,220058,152234
2020-07-15,63,191103,118741
2020-07-16,49,233379,130665
2020-07-17,62,135934,213080
2020-07-18,60,234750,184778
2020-07-19,46,84619,230377
2020-07-20,60,166333,162515
2020-07-21,50,214625,241318
2020-07-22,63,140648,95084
2020-07-23,48,343394,129481
2020-07-24,46,221648,211733
2020-07-25,66,206606,256542
2020-07-26,53,161284,180404
2020-07-27,63,191832,110451
2020-07-28,51,74242,198336
2020-07-29,54,135905,195988
2020-07-30,66,214781,161179
2020-07-31,53,294462,173350
2020-08-01,69,185039,236853
2020-08-02,54,167422,128266
2020-08-03,53,149822,118360
2020-08-04,45,138996,130813
2020-08-05,58,179215,215017
2020-08-06,53,276972,194860
2020-08-07,61,231868,102752
2020-08-08,58,201629,163536
2020-08-09,24,53226,82044
2020-08-10,55,77034,181544
2020-08-11,102,324815,249778
2020-08-12,64,201514,127958
2020-08-13,60,208362,261187
2020-08-14,66,287206,151790
2020-08-15,56,133188,199125
2020-08-16,49,221660,126784
2020-08-17,51,238761,169285
2020-08-18,55,244606,186373
2020-08-19,55,172906,151783
2020-08-20,51,120084,197337
2020-08-21,51,285063,166298
2020-08-22,66,110206,321503
2020-08-23,53,101735,161207
2020-08-24,66,199843,122205
2020-08-25,10,19026,32622
2020-08-26,22,143882,63448
2020-08-27,99,241702,232512
2020-08-28,49,236940,140467
2020-08-29,72,174764,197777
2020-08-30,56,131660,185466
2020-08-31,59,170616,139406
2020-09-01,19,129503,37061
2020-09-02,3,7540,1726
2020-09-03,71,268444,288866
2020-09-04,63,162997,228413
2020-09-05,37,146046,53991
2020-09-06,7,13342,3283
2020-09-07,50,159200,192993
2020-09-08,88,224727,242150
2020-09-09,55,135834,204290
2020-09-10,64,190239,238764
2020-09-11,59,347488,165402
2020-09-12,57,86084,243039
2020-09-13,61,267949,212874
2020-09-14,60,232916,179517
2020-09-15,59,298556,186836
2020-09-16,63,213238,178906
2020-09-17,45,157062,170964
2020-09-18,56,286221,176109
2020-09-19,61,293335,195929
2020-09-20,66,193349,237088
2020-09-21,59,184830,339842
2020-09-22,58,277532,70738
2020-09-23,51,148354,210666
2020-09-24,68,260002,301649
2020-09-25,59,162182,211821
2020-09-26,64,187492,178879
2020-09-27,55,275333,224521
2020-09-28,70,228342,222746
2020-09-29,51,151418,208154
2020-09-30,45,104128,87793
2020-10-01,37,214244,171464
2020-10-02,47,153437,159881
2020-10-03,50,311917,86423
2020-10-04,69,268308,218048
2020-10-05,57,278816,137841
2020-10-06,50,210294,200185
2020-10-07,54,194485,205551
2020-10-08,30,233982,85161
2020-10-09,34,223301,263202
2020-10-10,72,293137,256491
2020-10-11,64,295844,182079
2020-10-12,64,144556,203501
2020-10-13,56,177562,228801
2020-10-14,44,114005,128852
2020-10-15,52,146806,167655
2020-10-16,57,126643,170868
2020-10-17,58,196961,220505
2020-10-18,51,231094,142874
2020-10-19,52,345161,163434
2020-10-20,49,105023,174844
2020-10-21,54,135763,217530
2020-10-22,44,106125,185359
2020-10-23,55,331441,97648
2020-10-24,49,134549,167416
2020-10-25,56,266364,214676
2020-10-26,63,98632,299191
2020-10-27,51,147622,180786
2020-10-28,52,156431,208211
2020-10-29,44,183963,124969
2020-10-30,47,177437,256158
2020-10-31,62,196329,148510
2020-11-01,60,155702,282446
2020-11-02,64,295646,132170
2020-11-03,49,216834,240187
2020-11-04,53,243491,195285
2020-11-05,40,181370,154212
2020-11-06,40,128909,204636
2020-11-07,53,198994,136416
2020-11-08,49,119728,234438
2020-11-09,59,367532,126072
2020-11-10,55,242875,177508
2020-11-11,42,239672,196765
2020-11-12,60,325456,303593
2020-11-13,60,341333,338900
2020-11-14,60,225207,363050
2020-11-15,52,106078,240422
2020-11-16,50,171680,167620
2020-11-17,54,224562,166639
2020-11-18,40,113384,139084
2020-11-19,38,176003,96689
2020-11-20,51,193694,236293
2020-11-21,47,109864,95334
2020-11-22,57,173883,200499
2020-11-23,57,268090,110742
2020-11-24,49,230577,164681
2020-11-25,44,216402,129395
2020-11-26,43,174109,82644
2020-11-27,45,362038,234823
2020-11-28,45,125529,227043
2020-11-29,46,147187,110873
2020-11-30,58,217106,136402
2020-12-01,42,167838,109937
2020-12-02,44,185379,349199
2020-12-03,48,243655,177396
2020-12-04,43,156211,189153
2020-12-05,42,257887,393035
2020-12-06,44,221843,133353
2020-12-07,46,207234,119453
2020-12-08,46,148738,195156
2020-12-09,49,183692,199486
2020-12-10,51,322941,307392
2020-12-11,36,143917,203865
2020-12-12,44,190151,121998
2020-12-13,48,209067,270515
2020-12-14,50,261204,211794
2020-12-15,30,49484,77827
2020-12-16,39,139068,143729
2020-12-17,44,116785,151405
2020-12-18,39,260750,190845
2020-12-19,51,210869,242014
2020-12-20,52,195535,199827
2020-12-21,64,324490,206395
2020-12-22,45,142746,208100
2020-12-23,36,143845,175428
2020-12-24,36,153852,123882
2020-12-25,39,197843,142268
2020-12-26,35,135556,86151
2020-12-27,50,363697,76991
2020-12-28,61,484314,235299
2020-12-29,40,101073,146077
2020-12-30,25,149902,52660
2020-12-31,40,206406,242335
2021-01-01,37,241005,119635
2021-01-02,43,240742,239086
2021-01-03,43,361170,58285
2021-01-04,48,174209,151255
2021-01-05,44,158387,227682
2021-01-06,41,180992,97269
2021-01-07,46,161602,223661
2021-01-08,34,198745,117137
2021-01-09,32,62974,271037
2021-01-10,43,117775,180017
2021-01-11,60,270743,209588
2021-01-12,44,223632,256549
2021-01-13,44,182849,203262
2021-01-14,56,173742,269856
2021-01-15,48,216514,127792
2021-01-16,45,101771,301657
2021-01-17,46,155988,180937
2021-01-18,48,306618,94877
2021-01-19,42,241316,242048
2021-01-20,51,230561,168987
2021-01-21,41,99559,175665
2021-01-22,43,205719,132482
2021-01-23,26,85253,115256
2021-01-24,49,173800,332180
2021-01-25,67,246252,133251
2021-01-26,59,282571,336710
2021-01-27,41,276444,198795
2021-01-28,27,192024,51691
2021-01-29,42,184395,117691
2021-01-30,57,328162,153677
2021-01-31,50,242560,103591
2021-02-01,64,255089,249531
2021-02-02,46,288295,94286
2021-02-03,62,161586,90079
2021-02-04,51,225652,134927
2021-02-05,63,221753,153419
2021-02-06,55,167589,166875
2021-02-07,47,191654,287642
2021-02-08,63,241746,109391
2021-02-09,54,191049,221471
2021-02-10,61,208786,107508
2021-02-11,41,202433,83472
2021-02-12,40,252383,150694
2021-02-13,49,199761,123200
2021-02-14,56,205779,109744
2021-02-15,55,395861,119510
2021-02-16,51,150503,176486
2021-02-17,33,122686,125256
2021-02-18,57,244714,216672
2021-02-19,55,119871,189318
2021-02-20,60,172217,234258
2021-02-21,54,292747,243794
2021-02-22,66,176552,168721
2021-02-23,54,214713,273556
2021-02-24,55,191268,320458
2021-02-25,51,186336,258430
2021-02-26,30,61296,186384
2021-02-27,42,187093,274990
2021-02-28,99,213028,410204
2021-03-01,50,106692,109629
2021-03-02,50,134910,286434
2021-03-03,53,156343,245349
2021-03-04,57,274755,142922
2021-03-05,62,178735,315774
2021-03-06,47,186104,211671
2021-03-07,59,300809,246743
2021-03-08,61,244489,276003
2021-03-09,59,255572,249927
2021-03-10,58,190741,178035
2021-03-11,67,211617,114961
2021-03-12,57,190064,257862
2021-03-13,70,265197,206005
2021-03-14,54,239985,199735
2021-03-15,69,289273,200178
2021-03-16,55,330189,190316
2021-03-17,59,365816,207942
2021-03-18,53,298189,151018
2021-03-19,58,337370,320475
2021-03-20,59,296733,154351
2021-03-21,60,232618,396822
2021-03-22,56,256007,157469
2021-03-23,57,260923,127804
2021-03-24,53,265868,243763
2021-03-25,66,273520,215488
2021-03-26,53,177697,159889
2021-03-27,45,206952,218509
2021-03-28,59,210636,106841
2021-03-29,70,194178,186462
2021-03-30,56,162699,198704
2021-03-31,59,257788,184861
2021-04-01,47,243606,181841
2021-04-02,70,355803,129224
2021-04-03,51,260662,118756
2021-04-04,52,219049,285830
2021-04-05,55,116460,180983
2021-04-06,57,298677,140489
2021-04-07,61,274043,149593
2021-04-08,58,224141,175798
2021-04-09,51,228112,92474
2021-04-10,65,268910,191282
2021-04-11,66,115338,327348
2021-04-12,59,203360,269394
2021-04-13,61,149023,137631
2021-04-14,63,249815,146034
2021-04-15,59,302649,184932
2021-04-16,57,139238,237566
2021-04-17,60,270002,134036
2021-04-18,68,242191,404136
2021-04-19,60,227936,210366
2021-04-20,49,285707,139220
2021-04-21,52,163945,268952
2021-04-22,60,168463,152342
2021-04-23,53,227528,148027
2021-04-24,71,243563,220780
2021-04-25,61,185300,259997
2021-04-26,65,317963,145049
2021-04-27,52,287405,180589
2021-04-28,55,139498,183749
2021-04-29,56,313590,121277
2021-04-30,49,182010,197908
2021-05-01,59,121528,314656
2021-05-02,54,285035,136640
2021-05-03,76,312219,251609
2021-05-04,34,62901,79701
2021-05-05,64,354209,176293
2021-05-06,57,232668,258245
2021-05-07,43,101699,165848
2021-05-08,56,136639,210502
2021-05-09,73,215042,415319
2021-05-10,62,204276,176413
2021-05-11,48,130798,134502
2021-05-12,62,270481,222772
2021-05-13,54,155910,245460
2021-05-14,66,218758,180166
2021-05-15,66,226275,200160
2021-05-16,49,245616,237503
2021-05-17,61,435623,133992
2021-05-18,60,214438,227313
2021-05-19,60,231945,143962
2021-05-20,42,96604,90192
2021-05-21,54,269391,216190
2021-05-22,67,134331,258515
2021-05-23,60,258489,154255
2021-05-24,65,305156,177936
2021-05-25,41,373731,60346
2021-05-26,55,138576,264010
2021-05-27,73,223557,201202
2021-05-28,44,216004,149654
2021-05-29,52,139913,170516
2021-05-30,64,275182,270675
2021-05-31,51,216694,254850
2021-06-01,64,386713,155132
2021-06-02,46,283907,137774
2021-06-03,57,255926,221632
2021-06-04,58,157456,218617
2021-06-05,57,138916,126519
2021-06-06,65,227613,197389
2021-06-07,58,229073,274893
2021-06-08,57,281867,120155
2021-06-09,57,166544,165744
2021-06-10,46,169664,239933
2021-06-11,45,178041,317061
2021-06-12,62,176801,125685
2021-06-13,58,268363,215289
2021-06-14,64,146985,216843
2021-06-15,53,180408,180308
2021-06-16,48,174180,175335
2021-06-17,53,240415,144560
2021-06-18,58,259281,115210
2021-06-19,54,159383,158740
2021-06-20,62,149513,249191
2021-06-21,62,210182,139051
2021-06-22,54,178676,296243
2021-06-23,48,232885,146042
2021-06-24,56,224966,141744
2021-06-25,42,138492,163232
2021-06-26,65,221083,248382
2021-06-27,63,264137,157582
2021-06-28,65,273986,202739
2021-06-29,69,246875,260422
2021-06-30,54,219849,244047
2021-07-01,48,93462,170479
2021-07-02,63,196567,143671
2021-07-03,43,115405,113588
2021-07-04,58,309122,217642
2021-07-05,54,299818,218636
2021-07-06,60,276964,286579
2021-07-07,57,160079,145195
2021-07-08,64,335620,266937
2021-07-09,51,132902,318504
2021-07-10,60,152730,286652
2021-07-11,56,336146,210815
2021-07-12,67,219787,329220
2021-07-13,58,176750,209350
2021-07-14,61,256871,161981
2021-07-15,54,153457,80571
2021-07-16,53,220616,244334
2021-07-17,61,299206,160015
2021-07-18,61,219918,257599
2021-07-19,50,216605,225987
2021-07-20,52,227064,337035
2021-07-21,56,238640,190004
2021-07-22,55,275051,164448
2021-07-23,49,188671,145409
2021-07-24,57,206727,120544
2021-07-25,55,148458,209527
2021-07-26,42,171165,105259
2021-07-27,49,286761,197776
2021-07-28,50,238308,127147
2021-07-29,44,79024,130596
2021-07-30,50,142562,181088
2021-07-31,53,144051,220324
2021-08-01,47,155127,81091
2021-08-02,53,174759,127357
2021-08-03,53,303819,112283
2021-08-04,43,171383,148939
2021-08-05,63,148220,139204
2021-08-06,52,327424,144289
2021-08-07,57,117987,190322
2021-08-08,44,132990,191390
2021-08-09,59,337710,127630
2021-08-10,51,110391,204126
2021-08-11,54,150205,179237
2021-08-12,48,148215,201576
2021-08-13,47,357253,70807
2021-08-14,58,126418,202522
2021-08-15,64,254874,151653
2021-08-16,52,161998,92668
2021-08-17,58,274067,262436
2021-08-18,62,216521,186386
2021-08-19,62,271639,229781
2021-08-20,46,75309,232047
2021-08-21,49,190786,121245
2021-08-22,46,146611,120795
2021-08-23,3,8943,6590
2021-08-24,60,308101,297817
2021-08-25,69,208239,237134
2021-08-26,68,211435,204663
2021-08-27,57,299639,143074
2021-08-28,70,185526,299623
2021-08-29,51,212991,185793
2021-08-30,51,208361,176819
2021-08-31,56,194618,236890
2021-09-01,49,327066,184918
2021-09-02,57,242290,184823
2021-09-03,55,248924,209933
2021-09-04,53,196966,143344
2021-09-05,52,124895,261731
2021-09-06,57,143362,161248
2021-09-07,57,222356,199915
2021-09-08,48,174541,146326
2021-09-09,57,330500,218058
2021-09-10,56,255581,190366
2021-09-11,67,177353,242018
2021-09-12,50,110350,155899
2021-09-13,57,238588,347382
2021-09-14,38,150480,199010
2021-09-15,32,210134,67458
2021-09-16,3,4301,3842
2021-09-17,36,166050,195231
2021-09-18,92,140596,259098
2021-09-19,60,359381,135100
2021-09-20,48,145493,192029
2021-09-21,25,153517,185215
2021-09-22,43,196405,203598
2021-09-23,51,138047,201247
2021-09-24,49,269273,113012
2021-09-25,77,201235,233261
2021-09-26,60,230455,158993
2021-09-27,60,198543,99537
2021-09-28,53,160659,184758
2021-09-29,58,160056,127986
2021-09-30,50,354237,113585
2021-10-01,46,283460,215815
2021-10-02,51,159137,137938
2021-10-03,59,172191,250551
2021-10-04,47,234441,171022
2021-10-05,42,230649,129975
2021-10-06,62,320606,241097
2021-10-07,49,202082,268535
2021-10-08,48,210344,235689
2021-10-09,58,226871,232508
2021-10-10,47,202934,169060
2021-10-11,44,268483,105550
2021-10-12,47,110959,144055
2021-10-13,50,290996,220029
2021-10-14,57,137952,188639
2021-10-15,76,237648,247689
2021-10-16,45,228519,170199
2021-10-17,50,106232,250138
2021-10-18,59,301632,202563
2021-10-19,53,119856,189576
2021-10-20,58,141974,189412
2021-10-21,45,280291,132110
2021-10-22,51,150993,226075
2021-10-23,64,252202,207404
2021-10-24,54,116717,150889
2021-10-25,44,114601,220964
2021-10-26,60,185794,278254
2021-10-27,53,259910,181194
2021-10-28,52,123433,162742
2021-10-29,62,280469,312775
2021-10-30,60,439503,166622
2021-10-31,61,332354,160097
2021-11-01,56,92832,134907
2021-11-02,47,125939,152007
2021-11-03,57,316944,179848
2021-11-04,52,216257,239269
2021-11-05,46,203198,213221
2021-11-06,55,115562,264202
2021-11-07,47,284734,76467
2021-11-08,58,300320,202994
2021-11-09,60,185059,126006
2021-11-10,43,197476,157330
2021-11-11,47,147391,112588
2021-11-12,53,177161,155324
2021-11-13,63,294495,179937
2021-11-14,60,215349,198796
2021-11-15,61,290774,157763
2021-11-16,57,369208,193747
2021-11-17,54,170110,236602
2021-11-18,58,251327,172306
2021-11-19,58,183234,163981
2021-11-20,49,119836,273743
2021-11-21,62,140810,201248
2021-11-22,58,222204,204292
2021-11-23,42,170157,92057
2021-11-24,50,86194,268684
2021-11-25,46,172922,221518
2021-11-26,44,135231,203940
2021-11-27,62,374577,239098
2021-11-28,42,101118,133031
2021-11-29,61,194600,195607
2021-11-30,45,197130,115612
2021-12-01,57,132254,197368
2021-12-02,55,176867,308973
2021-12-03,52,151310,226061
2021-12-04,59,252671,174004
2021-12-05,58,197752,183783
2021-12-06,64,324038,243548
2021-12-07,49,100608,118385
2021-12-08,58,200041,173277
2021-12-09,40,128209,139934
2021-12-10,54,425641,138108
2021-12-11,45,216692,233252
2021-12-12,56,202071,207701
2021-12-13,62,126272,203268
2021-12-14,52,203866,250998
2021-12-15,55,151759,166469
2021-12-16,62,305136,209234
2021-12-17,37,157335,109789
2021-12-18,60,161507,191040
2021-12-19,56,165539,211269
2021-12-20,58,168431,244183
2021-12-21,66,209969,152222
2021-12-22,56,236185,108872
2021-12-23,61,167332,206400
2021-12-24,52,173223,183237
2021-12-25,38,162510,184334
2021-12-26,52,298272,209643
2021-12-27,58,193601,129661
2021-12-28,54,193554,265975
2021-12-29,52,269493,157236
2021-12-30,58,376035,88864
2021-12-31,57,385903,255003
2022-01-01,48,168390,89259
2022-01-02,40,169816,226965
2022-01-03,60,268942,214387
2022-01-04,61,369302,174259
2022-01-05,53,216222,316609
2022-01-06,46,144273,115404
2022-01-07,62,440827,197485
2022-01-08,55,247901,209850
2022-01-09,63,250785,221637
2022-01-10,69,225666,271109
2022-01-11,51,120583,309875
2022-01-12,60,356720,179312
2022-01-13,49,128118,190254
2022-01-14,55,242204,182001
2022-01-15,57,217012,189114
2022-01-16,55,172407,229615
2022-01-17,51,205542,104414
2022-01-18,63,193713,277161
2022-01-19,55,323088,166701
2022-01-20,47,131909,158212
2022-01-21,67,304208,213444
2022-01-22,51,76877,156425
2022-01-23,51,311361,133569
2022-01-24,60,133023,207667
2022-01-25,54,139460,239393
2022-01-26,56,153164,181604
2022-01-27,52,243756,207390
2022-01-28,44,128102,145207
2022-01-29,60,234919,145252
2022-01-30,56,235944,115601
2022-01-31,42,221867,96998
2022-02-01,39,246808,102250
2022-02-02,50,133605,176183
2022-02-03,60,304615,152300
2022-02-04,55,191710,148002
2022-02-05,66,236850,237061
2022-02-06,47,192759,124230
2022-02-07,48,114997,116415
2022-02-08,59,166792,166269
2022-02-09,55,140145,241257
2022-02-10,55,242751,192413
2022-02-11,56,321018,223012
2022-02-12,53,152975,151798
2022-02-13,67,264038,324459
2022-02-14,62,249962,232453
2022-02-15,52,205353,176466
2022-02-16,59,169778,182730
2022-02-17,52,200064,145614
2022-02-18,50,166716,163881
2022-02-19,58,231517,247154
2022-02-20,55,176981,123867
2022-02-21,57,171513,281138
2022-02-22,64,242056,268828
2022-02-23,46,254854,115782
2022-02-24,59,224512,177778
2022-02-25,50,124870,245606
2022-02-26,56,227144,254825
2022-02-27,66,271183,189391
2022-02-28,56,305552,236413
2022-03-01,56,240094,252800
2022-03-02,60,190946,211482
2022-03-03,53,213340,162592
2022-03-04,62,330859,179337
2022-03-05,61,194330,197735
2022-03-06,51,303724,163025
2022-03-07,60,197870,223434
2022-03-08,60,327410,230398
2022-03-09,56,212183,161274
2022-03-10,61,163106,173768
2022-03-11,62,161644,298022
2022-03-12,52,158819,187725
2022-03-13,54,263428,143244
2022-03-14,52,197215,160835
2022-03-15,62,263078,272430
2022-03-16,64,347596,89575
2022-03-17,36,255872,246370
2022-03-18,49,209829,130691
2022-03-19,74,164223,254483
2022-03-20,46,460431,144232
2022-03-21,62,262068,101515
2022-03-22,46,104594,224912
2022-03-23,59,258065,172626
2022-03-24,52,185473,204770
2022-03-25,43,215549,219263
2022-03-26,49,80667,163063
2022-03-27,63,188162,128895
2022-03-28,77,215812,272413
2022-03-29,66,240568,229686
2022-03-30,54,249910,183191
2022-03-31,62,221459,203590
2022-04-01,51,144448,293449
2022-04-02,58,249783,160525
2022-04-03,63,371929,167507
2022-04-04,57,161012,160629
2022-04-05,57,244469,235467
2022-04-06,45,343909,130966
2022-04-07,55,197102,294607
2022-04-08,53,225205,87105
2022-04-09,67,138354,289117
2022-04-10,51,353199,112357
2022-04-11,65,161084,287269
2022-04-12,60,221967,244691
2022-04-13,42,99560,200001
2022-04-14,48,178210,191935
2022-04-15,64,240071,254656
2022-04-16,68,284569,217541
2022-04-17,52,191980,161855
2022-04-18,63,163031,295758
2022-04-19,57,234141,222213
2022-04-20,57,174708,222615
2022-04-21,57,175044,182252
2022-04-22,57,230534,103921
2022-04-23,41,106314,195005
2022-04-24,52,194024,178972
2022-04-25,59,176807,204888
2022-04-26,58,229954,216753
2022-04-27,69,270634,297702
2022-04-28,44,273392,117201
2022-04-29,45,206535,153690
2022-04-30,61,142019,228556
2022-05-01,66,430034,214636
2022-05-02,68,198159,175324
2022-05-03,64,249650,111084
2022-05-04,50,288242,139205
2022-05-05,56,285148,161143
2022-05-06,54,123409,251755
2022-05-07,49,191556,148945
2022-05-08,51,118943,132760
2022-05-09,62,269487,208988
2022-05-10,52,184446,143719
2022-05-11,52,171520,231202
2022-05-12,50,161973,176705
2022-05-13,50,294380,134578
2022-05-14,59,183922,233899
2022-05-15,50,130316,205137
2022-05-16,68,302453,368126
2022-05-17,53,185413,146830
2022-05-18,57,248060,191284
2022-05-19,56,375720,220722
2022-05-20,60,173005,227734
2022-05-21,55,148148,322785
2022-05-22,60,244049,255163
2022-05-23,57,298342,181410
2022-05-24,57,199193,164782
2022-05-25,68,224633,186382
2022-05-26,42,160057,221375
2022-05-27,55,159489,272436
2022-05-28,50,374866,113748
2022-05-29,57,200957,281770
2022-05-30,51,186872,61652
2022-05-31,62,360240,217107
2022-06-01,65,245491,256052
2022-06-02,62,150577,183624
2022-06-03,49,126617,115663
2022-06-04,49,166519,220728
2022-06-05,42,162648,298531
2022-06-06,59,274449,127554
2022-06-07,62,185848,145766
2022-06-08,57,249573,104915
2022-06-09,55,150568,135924
2022-06-10,50,176033,197471
2022-06-11,49,115034,123445
2022-06-12,47,305662,73991
2022-06-13,52,193707,103640
2022-06-14,57,278849,268141
2022-06-15,59,255827,190572
2022-06-16,55,304554,94446
2022-06-17,57,207889,142177
2022-06-18,49,302185,169541
2022-06-19,66,186923,167286
2022-06-20,56,299827,90640
2022-06-21,59,299302,300259
2022-06-22,40,173935,240034
2022-06-23,42,121349,182615
2022-06-24,50,253348,275960
2022-06-25,72,191997,219450
2022-06-26,51,172711,179877
2022-06-27,58,142546,250803
2022-06-28,55,204511,189075
2022-06-29,57,220074,192336
2022-06-30,38,82812,154096
2022-07-01,65,215618,270575
2022-07-02,60,215742,163183
2022-07-03,43,138826,149027
2022-07-04,62,293633,264188
2022-07-05,67,246693,170597
2022-07-06,49,261396,122327
2022-07-07,62,358602,197952
2022-07-08,56,291995,170423
2022-07-09,57,165299,252743
2022-07-10,52,257829,216400
2022-07-11,59,336084,223098
2022-07-12,51,214333,159013
2022-07-13,54,242348,160943
2022-07-14,60,194092,198251
2022-07-15,51,114106,173973
2022-07-16,54,88947,218676
2022-07-17,56,254484,200710
2022-07-18,53,222977,92728
2022-07-19,54,181928,273901
2022-07-20,50,167454,214175
2022-07-21,62,266933,158814
2022-07-22,43,128106,161553
2022-07-23,55,132143,294443
2022-07-24,68,156478,278783
2022-07-25,59,123043,309096
2022-07-26,58,245295,255179
2022-07-27,66,206541,161170
2022-07-28,58,332327,217794
2022-07-29,43,198151,187427
2022-07-30,54,165344,197543
2022-07-31,46,105678,240685
2022-08-01,50,135367,172903
2022-08-02,73,325649,119610
2022-08-03,69,359696,173223
2022-08-04,62,276667,180630
2022-08-05,59,105058,253473
2022-08-06,51,245343,203579
2022-08-07,63,173736,167580
2022-08-08,53,164376,222597
2022-08-09,50,148153,125598
2022-08-10,49,309681,153145
2022-08-11,46,283817,123582
2022-08-12,38,119053,99842
2022-08-13,65,250990,149834
2022-08-14,53,103790,217271
2022-08-15,55,176244,169526
2022-08-16,57,278373,125296
2022-08-17,49,146748,124702
2022-08-18,56,168172,216473
2022-08-19,55,246784,142429
2022-08-20,66,237118,233850
2022-08-21,51,194758,330411
2022-08-22,48,319049,155746
2022-08-23,64,231441,199294
2022-08-24,44,225009,152844
2022-08-25,60,95623,280910
2022-08-26,55,193982,207140
2022-08-27,43,194354,297989
2022-08-28,59,239910,182408
2022-08-29,63,316808,232965
2022-08-30,58,202639,151661
2022-08-31,55,181734,177597
2022-09-01,58,157151,206318
2022-09-02,44,137449,205512
2022-09-03,27,95379,114831
2022-09-04,3,17882,10344
2022-09-05,8,19382,6945
2022-09-06,55,146183,192405
2022-09-07,97,389682,320896
2022-09-08,75,316142,193108
2022-09-09,53,156100,104304
2022-09-10,42,155382,111310
2022-09-11,59,164821,219225
2022-09-12,62,240142,213779
2022-09-13,58,258248,168848
2022-09-14,54,205510,189237
2022-09-15,71,205408,226290
2022-09-16,61,366495,59267
2022-09-17,16,30769,47679
2022-09-18,7,15009,6067
2022-09-19,42,184545,174006
2022-09-20,64,240086,174470
2022-09-21,78,220282,191495
2022-09-22,73,195538,220719
2022-09-23,48,196564,164284
2022-09-24,60,125389,183576
2022-09-25,69,143379,323736
2022-09-26,54,184574,168331
2022-09-27,59,220215,177607
2022-09-28,55,285825,220678
2022-09-29,68,202113,222138
2022-09-30,58,193779,270124
2022-10-01,58,304885,206841
2022-10-02,58,243185,207222
2022-10-03,55,263051,166585
2022-10-04,52,175060,175430
2022-10-05,49,114398,146486
2022-10-06,62,144058,166341
2022-10-07,52,343322,116028
2022-10-08,60,437500,141915
2022-10-09,66,181607,213066
2022-10-10,56,152402,200754
2022-10-11,50,190963,126599
2022-10-12,59,173578,213948
2022-10-13,60,193826,128211
2022-10-14,62,225537,198445
2022-10-15,50,144215,133052
2022-10-16,66,179167,183636
2022-10-17,47,114552,147982
2022-10-18,52,103566,249368
2022-10-19,59,277830,233599
2022-10-20,60,225410,204637
2022-10-21,54,146638,207172
2022-10-22,48,122528,268462
2022-10-23,66,270796,325495
2022-10-24,53,177982,139380
2022-10-25,59,189352,133379
2022-10-26,55,166930,253340
2022-10-27,52,204873,124097
2022-10-28,68,322951,200222
2022-10-29,54,236038,210494
2022-10-30,69,155993,248570
2022-10-31,66,173139,180786
2022-11-01,61,355112,270584
2022-11-02,61,277819,139138
2022-11-03,61,179780,264057
2022-11-04,50,147219,288942
2022-11-05,56,137391,157264
2022-11-06,52,205571,109357
2022-11-07,62,300810,142134
2022-11-08,73,219553,259775
2022-11-09,49,137917,112534
2022-11-10,56,171042,120755
2022-11-11,56,243328,191371
2022-11-12,51,181087,189141
2022-11-13,56,145897,220345
2022-11-14,64,228894,165817
2022-11-15,62,198630,151720
2022-11-16,64,247217,145195
2022-11-17,61,264005,128577
2022-11-18,59,121690,306858
2022-11-19,58,309130,224530
2022-11-20,68,365729,191535
2022-11-21,58,148584,149997
2022-11-22,56,146964,145318
2022-11-23,59,174204,279001
2022-11-24,50,123522,167183
2022-11-25,58,253277,191156
2022-11-26,61,114076,304791
2022-11-27,50,210081,181816
2022-11-28,58,247645,114550
2022-11-29,56,336408,131621
2022-11-30,56,134019,166942
2022-12-01,56,277344,104458
2022-12-02,47,182942,75608
2022-12-03,68,237777,192274
2022-12-04,51,221714,172421
2022-12-05,61,230292,209622
2022-12-06,58,210422,172971
2022-12-07,52,334955,126210
2022-12-08,62,273804,168754
2022-12-09,57,119547,165312
2022-12-10,67,231665,207734
2022-12-11,64,150186,178832
2022-12-12,55,313223,213381
2022-12-13,53,190087,146498
2022-12-14,53,186486,211104
2022-12-15,60,202403,203613
2022-12-16,63,279601,247303
2022-12-17,63,122146,144720
2022-12-18,46,273831,115092
2022-12-19,59,224702,260449
2022-12-20,51,110942,215293
2022-12-21,57,211413,226118
2022-12-22,46,200190,103257
2022-12-23,23,34705,82955
2022-12-24,39,271521,119375
2022-12-25,53,93367,161882
2022-12-26,75,251381,297790
2022-12-27,58,243097,116636
2022-12-28,64,277993,144209
2022-12-29,57,181932,188103
2022-12-30,58,106286,210259
2022-12-31,62,271473,132131
2023-01-01,57,257791,102429
2023-01-02,64,295291,171455
2023-01-03,49,136781,231189
2023-01-04,55,256497,237383
2023-01-05,60,267874,127588
2023-01-06,53,183809,209747
2023-01-07,61,158804,90108
2023-01-08,68,194956,256165
2023-01-09,62,228462,222034
2023-01-10,60,201649,327357
2023-01-11,62,214953,236631
2023-01-12,65,291745,192665
2023-01-13,44,165541,123295
2023-01-14,48,227794,86759
2023-01-15,42,126040,156484
2023-01-16,80,136596,240310
2023-01-17,58,224574,94972
2023-01-18,61,249322,176330
2023-01-19,57,104082,133132
2023-01-20,59,150692,92573
2023-01-21,48,208733,107387
2023-01-22,46,237615,125049
2023-01-23,43,174149,140463
2023-01-24,37,244515,137808
2023-01-25,73,229362,156947
2023-01-26,58,107750,286189
2023-01-27,53,130228,167976
2023-01-28,48,111835,153104
2023-01-29,68,314433,281697
2023-01-30,71,178155,294447
2023-01-31,64,170027,215351
2023-02-01,61,118228,249858
2023-02-02,61,242983,197139
2023-02-03,50,147285,253408
2023-02-04,64,207110,257649
2023-02-05,48,138783,253435
2023-02-06,73,280274,225898
2023-02-07,57,234578,136421
2023-02-08,74,192753,245745
2023-02-09,44,111466,207881
2023-02-10,63,162981,213370
2023-02-11,69,269643,301331
2023-02-12,58,481981,107733
2023-02-13,57,233098,186177
2023-02-14,63,231565,296290
2023-02-15,63,264163,166194
2023-02-16,62,149292,209233
2023-02-17,60,235818,67103
2023-02-18,63,158185,307288
2023-02-19,52,210934,123707
2023-02-20,66,295828,185222
2023-02-21,57,143891,313953
2023-02-22,59,251065,169175
2023-02-23,67,404866,176467
2023-02-24,45,199250,91590
2023-02-25,59,187881,146322
2023-02-26,63,369602,268581
2023-02-27,64,140993,159251
2023-02-28,66,251039,242618
2023-03-01,66,478216,151637
2023-03-02,55,188402,134469
2023-03-03,58,206417,117033
2023-03-04,71,139393,339719
2023-03-05,61,319499,225179
2023-03-06,72,324165,105009
2023-03-07,55,159672,187634
2023-03-08,63,137713,147026
2023-03-09,66,345690,247726
2023-03-10,49,101666,152888
2023-03-11,64,342631,193785
2023-03-12,50,220888,184159
2023-03-13,49,141477,219776
2023-03-14,71,242327,193971
2023-03-15,66,304499,261867
2023-03-16,69,231120,273636
2023-03-17,56,194758,174840
2023-03-18,73,432583,161566
2023-03-19,55,89629,294892
2023-03-20,65,254497,180166
2023-03-21,65,231876,166280
2023-03-22,73,303238,149012
2023-03-23,57,196690,220096
2023-03-24,58,277659,171439
2023-03-25,60,426192,183965
2023-03-26,67,238870,251698
2023-03-27,64,139801,184136
2023-03-28,58,196665,178549
2023-03-29,68,128970,247284
2023-03-30,57,266234,202344
2023-03-31,64,186576,219254
2023-04-01,70,255178,267783
2023-04-02,41,292532,104819
2023-04-03,77,218469,257742
2023-04-04,63,225966,192623
2023-04-05,41,228016,142651
2023-04-06,80,222471,178169
2023-04-07,57,226027,175039
2023-04-08,70,331133,180944
2023-04-09,66,206348,280362
2023-04-10,62,227514,201923
2023-04-11,51,227499,96956
2023-04-12,75,260423,221392
2023-04-13,61,124680,217797
2023-04-14,79,328122,204910
2023-04-15,62,189833,179956
2023-04-16,75,319076,188389
2023-04-17,52,221821,144357
2023-04-18,57,214143,124117
2023-04-19,67,205143,212775
2023-04-20,52,130467,170306
2023-04-21,36,220850,307341
2023-04-22,59,182062,108527
2023-04-23,76,239121,124343
2023-04-24,75,206550,240941
2023-04-25,57,151609,291247
2023-04-26,70,289495,128393
2023-04-27,67,219663,219954
2023-04-28,50,109657,305533
2023-04-29,66,320009,313166
2023-04-30,58,289627,222752
2023-05-01,76,270658,246776
2023-05-02,72,258852,235934
2023-05-03,56,359316,73227
2023-05-04,56,124381,217760
2023-05-05,20,99412,34795
2023-05-06,72,176803,309908
2023-05-07,59,307313,258844
2023-05-08,95,440791,208275
2023-05-09,65,217360,215431
2023-05-10,67,240741,226633
2023-05-11,64,256554,137447
2023-05-12,58,219460,152477
2023-05-13,58,110013,151560
2023-05-14,59,235016,118838
2023-05-15,62,188901,224394
2023-05-16,72,256324,269131
2023-05-17,65,247212,111220
2023-05-18,50,191409,189829
2023-05-19,48,183633,175450
2023-05-20,56,276441,187768
2023-05-21,54,233433,85851
2023-05-22,66,290494,134378
2023-05-23,59,274082,242998
2023-05-24,65,205480,272920
2023-05-25,61,317485,230329
2023-05-26,46,56952,345802
2023-05-27,62,126201,274665
2023-05-28,54,202082,160327
2023-05-29,54,227396,194279
2023-05-30,54,162005,102897
2023-05-31,65,156359,354172
2023-06-01,56,199395,217920
2023-06-02,56,373185,91262
2023-06-03,66,289940,145352
2023-06-04,39,140197,114543
2023-06-05,58,148003,239551
2023-06-06,59,160328,141334
2023-06-07,57,173963,80807
2023-06-08,64,250895,172970
2023-06-09,56,209388,221448
2023-06-10,60,269085,131302
2023-06-11,44,195636,198898
2023-06-12,66,183934,184987
2023-06-13,57,124416,222558
2023-06-14,55,135966,197988
2023-06-15,66,189261,401740
2023-06-16,52,208424,223272
2023-06-17,65,487439,168353
2023-06-18,51,167403,134118
2023-06-19,62,300410,210783
2023-06-20,62,203240,182420
2023-06-21,55,165733,170357
2023-06-22,51,230340,188055
2023-06-23,54,91549,153531
2023-06-24,63,205369,276291
2023-06-25,60,368240,198932
2023-06-26,52,142137,198006
2023-06-27,51,207665,146275
2023-06-28,74,184872,327041
2023-06-29,54,163915,275304
2023-06-30,52,307542,201661
2023-07-01,64,277156,134370
2023-07-02,50,160398,120591
2023-07-03,69,272250,187853
2023-07-04,50,179279,141691
2023-07-05,62,199124,271143
2023-07-06,52,164060,153378
2023-07-07,52,227509,94980
2023-07-08,43,79106,177250
2023-07-09,65,306694,210201
2023-07-10,55,226106,173473
2023-07-11,68,275199,100705
2023-07-12,57,206965,300126
2023-07-13,53,293828,179792
2023-07-14,27,59653,183771
2023-07-15,45,106195,100958
2023-07-16,51,301418,117001
2023-07-17,39,129010,83913
2023-07-18,72,216859,206590
2023-07-19,79,163246,306625
2023-07-20,66,276767,175960
2023-07-21,54,129723,201714
2023-07-22,73,259869,335598
2023-07-23,62,181498,237779
2023-07-24,65,246725,188483
2023-07-25,66,209123,304092
2023-07-26,56,202460,161408
2023-07-27,54,189908,311436
2023-07-28,48,202149,145690
2023-07-29,65,136236,203373
2023-07-30,67,197195,198141
2023-07-31,56,174698,146897
2023-08-01,57,352366,164090
2023-08-02,58,170356,140856
2023-08-03,63,285496,131222
2023-08-04,64,206789,180026
2023-08-05,56,209228,230840
2023-08-06,51,232045,59259
2023-08-07,56,131492,220503
2023-08-08,6,16408,11795
2023-08-09,3,10418,4742
2023-08-10,46,149444,88730
2023-08-11,103,225381,224380
2023-08-12,73,337251,168121
2023-08-13,59,364731,150947
2023-08-14,71,230128,279893
2023-08-15,58,203125,233510
2023-08-16,55,227415,158661
2023-08-17,52,165128,119455
2023-08-18,61,269641,232580
2023-08-19,60,344687,259875
2023-08-20,54,158364,253794
2023-08-21,64,255406,183178
2023-08-22,50,102833,236393
2023-08-23,52,120248,262219
2023-08-24,52,110605,191608
2023-08-25,63,217405,198967
2023-08-26,61,182972,270724
2023-08-27,65,188405,138487
2023-08-28,61,279542,133477
2023-08-29,59,186727,269492
2023-08-30,68,152483,276732
2023-08-31,61,300557,181235
2023-09-01,71,129973,291772
2023-09-02,60,232995,220847
2023-09-03,52,253339,125878
2023-09-04,73,238884,122507
2023-09-05,57,184980,185098
2023-09-06,61,115372,210039
2023-09-07,59,163320,303398
2023-09-08,66,246010,190187
2023-09-09,57,331381,165020
2023-09-10,63,238606,197734
2023-09-11,67,226446,181532
2023-09-12,69,167412,249700
2023-09-13,62,306004,118169
2023-09-14,52,218394,213144
2023-09-15,54,151428,230516
2023-09-16,73,164928,207849
2023-09-17,65,344312,269009
2023-09-18,63,240840,202751
2023-09-19,53,149041,175373
2023-09-20,41,227719,107723
2023-09-21,64,279192,192739
2023-09-22,61,166134,300905
2023-09-23,62,237120,239989
2023-09-24,53,235177,288791
2023-09-25,70,236818,202410
2023-09-26,55,171039,262665
2023-09-27,66,342149,206156
2023-09-28,49,138508,140266
2023-09-29,41,131608,123702
2023-09-30,47,300880,111946
2023-10-01,56,171219,190444
2023-10-02,67,259304,205206
2023-10-03,72,342383,140249
2023-10-04,57,333015,83114
2023-10-05,50,213832,131197
2023-10-06,66,242641,213112
2023-10-07,51,242766,225386
2023-10-08,54,215918,147398
2023-10-09,60,127072,204186
2023-10-10,47,107290,224282
2023-10-11,60,326189,89947
2023-10-12,60,105496,223994
2023-10-13,58,174300,244146
2023-10-14,50,192335,146740
2023-10-15,51,319662,154187
2023-10-16,56,152199,127504
2023-10-17,54,263155,153817
2023-10-18,55,133624,108369
2023-10-19,66,293007,142047
2023-10-20,49,59037,231030
2023-10-21,59,243426,266740
2023-10-22,55,267775,129692
2023-10-23,52,118997,192676
2023-10-24,65,172746,191008
2023-10-25,70,277661,322750
2023-10-26,65,134170,171701
2023-10-27,56,152528,176348
2023-10-28,60,256576,234553
2023-10-29,57,144157,171402
2023-10-30,53,210758,101903
2023-10-31,67,163306,289975
2023-11-01,69,202070,300022
2023-11-02,53,206079,135946
2023-11-03,60,298610,139522
2023-11-04,54,148510,186996
2023-11-05,54,258590,219140
2023-11-06,41,134211,127412
2023-11-07,65,168689,403191
2023-11-08,56,277126,185100
2023-11-09,74,297692,213121
2023-11-10,51,175230,191762
2023-11-11,57,295849,214119
2023-11-12,56,311943,189099
2023-11-13,62,257109,164619
2023-11-14,59,167995,248470
2023-11-15,74,338839,171255
2023-11-16,60,207382,199174
2023-11-17,52,147191,222773
2023-11-18,41,99422,116538
2023-11-19,55,200739,215894
2023-11-20,61,180255,248727
2023-11-21,46,277272,187930
2023-11-22,65,207599,269581
2023-11-23,59,162610,121354
2023-11-24,57,288349,201154
2023-11-25,56,240529,166375
2023-11-26,50,153984,129267
2023-11-27,63,242146,272133
2023-11-28,75,216859,231494
2023-11-29,56,235003,240666
2023-11-30,71,209544,226723
2023-12-01,57,219670,219812
2023-12-02,58,260376,194457
2023-12-03,70,241603,145180
2023-12-04,66,196237,284152
2023-12-05,56,256857,192284
2023-12-06,60,263731,278823
2023-12-07,69,216124,196377
2023-12-08,46,258074,140776
2023-12-09,52,198061,236615
2023-12-10,52,185627,138002
2023-12-11,52,187030,194335
2023-12-12,51,167816,194676
2023-12-13,64,189593,137317
2023-12-14,50,242736,85774
2023-12-15,61,160656,327258
2023-12-16,52,170087,155480
2023-12-17,39,110955,75389
2023-12-18,55,144133,200106
2023-12-19,51,245947,143700
2023-12-20,59,324859,172788
2023-12-21,40,117642,139439
2023-12-22,57,269756,234038
2023-12-23,60,175565,245449
2023-12-24,61,190400,247603
2023-12-25,65,188695,216108
2023-12-26,53,202144,151100
2023-12-27,54,155768,231704
2023-12-28,67,254854,192415
2023-12-29,56,432412,188349
2023-12-30,46,146796,71976
2023-12-31,43,155695,60979
2024-01-01,56,193301,163485
2024-01-02,59,315960,203057
2024-01-03,60,265060,245720
2024-01-04,61,323827,162822
2024-01-05,63,233948,283747
2024-01-06,63,363771,176506
2024-01-07,59,137063,323853
2024-01-08,65,220857,98431
2024-01-09,62,153116,303472
2024-01-10,53,82387,207318
2024-01-11,62,180398,286972
2024-01-12,61,190831,257088
2024-01-13,68,211189,248052
2024-01-14,57,230047,166685
2024-01-15,57,141517,331091
2024-01-16,53,200779,81613
2024-01-17,57,249670,207676
2024-01-18,49,184507,183023
2024-01-19,47,198178,156763
2024-01-20,53,145434,110786
2024-01-21,74,184048,209354
2024-01-22,57,254531,112337
2024-01-23,36,84269,89851
2024-01-24,42,212111,171961
2024-01-25,63,291358,91399
2024-01-26,63,230359,234738
2024-01-27,53,181084,117045
2024-01-28,55,118809,169463
2024-01-29,69,247635,168765
2024-01-30,64,194391,239665
2024-01-31,72,171698,174948
2024-02-01,40,271760,105506
2024-02-02,58,233343,129379
2024-02-03,57,299806,111324
2024-02-04,58,310829,82708
2024-02-05,39,145752,97591
2024-02-06,76,372456,227401
2024-02-07,58,222125,162108
2024-02-08,56,255710,166398
2024-02-09,47,102366,88083
2024-02-10,41,130161,101404
2024-02-11,56,226620,225974
2024-02-12,63,184082,181390
2024-02-13,62,255262,151793
2024-02-14,56,314881,156642
2024-02-15,50,209427,213980
2024-02-16,71,212039,167961
2024-02-17,53,194595,110347
2024-02-18,54,227985,180213
2024-02-19,44,119859,149898
2024-02-20,41,49505,391248
2024-02-21,34,45454,185585
2024-02-22,40,58065,243422
2024-02-23,49,110918,248905
2024-02-24,80,266480,264421
2024-02-25,74,203313,296067
2024-02-26,49,241550,255461
2024-02-27,61,204287,279161
2024-02-28,67,207615,306288
2024-02-29,58,227854,198036
2024-03-01,65,322469,299758
2024-03-02,62,167800,259874
2024-03-03,54,222524,96047
2024-03-04,61,283489,365748
2024-03-05,40,151256,224137
2024-03-06,45,299970,121335
2024-03-07,67,420678,280297
2024-03-08,57,164248,215938
2024-03-09,67,200604,272604
2024-03-10,57,274904,111411
2024-03-11,68,385435,235138
2024-03-12,58,345630,166593
2024-03-13,56,179828,159465
2024-03-14,64,366818,315472
2024-03-15,52,167235,214342
2024-03-16,45,232164,155025
2024-03-17,59,315432,216348
2024-03-18,60,186187,168564
2024-03-19,62,170473,382057
2024-03-20,55,228040,259405
2024-03-21,56,285811,114981
2024-03-22,45,137186,318964
2024-03-23,68,229387,172557
2024-03-24,45,159478,128873
2024-03-25,42,222656,173955
2024-03-26,65,318151,222746
2024-03-27,73,267390,163095
2024-03-28,49,97333,151372
2024-03-29,62,262688,141603
2024-03-30,62,357528,289138
2024-03-31,54,234582,127816
2024-04-01,60,229755,289440
2024-04-02,53,216856,135059
2024-04-03,52,177454,172749
2024-04-04,64,321036,243604
2024-04-05,54,243388,125495
2024-04-06,63,266189,216133
2024-04-07,55,195992,256937
2024-04-08,50,105127,222063
2024-04-09,54,281516,227620
2024-04-10,60,421730,272072
2024-04-11,66,172803,207965
2024-04-12,65,318489,227493
2024-04-13,53,191452,224822
2024-04-14,56,195817,152454
2024-04-15,56,312823,201374
2024-04-16,57,359741,221320
2024-04-17,63,274660,220532
2024-04-18,51,188465,118789
2024-04-19,56,210620,266323
2024-04-20,61,182504,135725
2024-04-21,57,222013,237665
2024-04-22,57,106430,329982
2024-04-23,60,195295,140953
2024-04-24,56,185273,401836
2024-04-25,59,203293,149183
2024-04-26,61,186985,203346
2024-04-27,64,233676,103812
2024-04-28,53,160236,154491
2024-04-29,50,195044,146857
2024-04-30,52,221250,193625
2024-05-01,60,249491,235469
2024-05-02,62,295607,150129
2024-05-03,63,199676,283757
2024-05-04,53,221460,210518
2024-05-05,43,337772,83762
2024-05-06,80,152349,276827
2024-05-07,47,248979,117323
2024-05-08,54,259590,173654
2024-05-09,62,188768,182609
2024-05-10,54,209384,378522
2024-05-11,53,124156,243785
2024-05-12,58,247114,177907
2024-05-13,56,365557,127143
2024-05-14,68,195993,304743
2024-05-15,42,167666,132211
2024-05-16,59,141038,209725
2024-05-17,57,127098,308818
2024-05-18,58,169962,286019
2024-05-19,62,301981,179745
2024-05-20,62,261001,162163
2024-05-21,52,267976,154283
2024-05-22,50,255469,141775
2024-05-23,52,181839,170374
2024-05-24,54,195379,201835
2024-05-25,67,230648,227016
2024-05-26,43,190576,120180
2024-05-27,59,229413,94492
2024-05-28,58,254886,313009
2024-05-29,44,119169,133233
2024-05-30,55,260655,119164
2024-05-31,53,151221,179936
2024-06-01,65,312516,221280
2024-06-02,52,218043,151295
2024-06-03,63,367964,186204
2024-06-04,52,296879,253332
2024-06-05,57,271989,136103
2024-06-06,59,163839,221546
2024-06-07,52,249814,225604
2024-06-08,57,273507,115273
2024-06-09,51,125974,121325
2024-06-10,64,294532,237487
2024-06-11,58,248021,254555
2024-06-12,54,248471,176596
2024-06-13,58,231193,217032
2024-06-14,63,146135,167015
2024-06-15,52,76610,188525
2024-06-16,53,184043,151515
2024-06-17,65,265549,307710
2024-06-18,52,276064,206541
2024-06-19,56,164414,213304
2024-06-20,46,171274,208718
2024-06-21,55,283336,326638
2024-06-22,50,216734,263312
2024-06-23,59,309875,186178
2024-06-24,62,199266,234527
2024-06-25,56,205282,179567
2024-06-26,65,179981,336167
2024-06-27,53,273636,131927
2024-06-28,52,188724,168687
2024-06-29,43,198293,193259
2024-06-30,47,139729,161072
2024-07-01,70,179483,369443
2024-07-02,50,127997,281510
2024-07-03,77,279102,154401
2024-07-04,56,394475,126652
2024-07-05,53,132444,219537
2024-07-06,59,222451,161104
2024-07-07,43,237919,231249
2024-07-08,48,202090,155430
2024-07-09,62,187986,198099
2024-07-10,63,161491,243316
2024-07-11,53,211157,138517
2024-07-12,65,191466,326606
2024-07-13,58,166476,281157
2024-07-14,43,161239,116924
2024-07-15,57,145931,235127
2024-07-16,51,237747,174466
2024-07-17,65,257698,222607
2024-07-18,58,173414,232193
2024-07-19,50,158449,172704
2024-07-20,53,143805,237129
2024-07-21,65,379613,153073
2024-07-22,64,290318,129241
2024-07-23,52,154257,245687
2024-07-24,48,210118,168316
2024-07-25,62,245345,253494
2024-07-26,51,322819,170503
2024-07-27,63,311726,292760
2024-07-28,56,157744,149680
2024-07-29,47,191100,118598
2024-07-30,67,330240,215159
2024-07-31,61,226659,235678
2024-08-01,61,369540,132195
2024-08-02,64,188112,204466
2024-08-03,64,140284,187038
2024-08-04,48,105358,229824
2024-08-05,43,245978,95727
2024-08-06,63,232518,171483
2024-08-07,59,156234,137017
2024-08-08,63,308852,205014
2024-08-09,53,242479,156483
2024-08-10,52,272956,117005
2024-08-11,54,321980,267911
2024-08-12,56,171444,226082
2024-08-13,54,185420,91249
2024-08-14,51,249578,276109
2024-08-15,55,198753,267081
2024-08-16,58,233795,141453
2024-08-17,49,195913,157634
2024-08-18,53,193733,163113
2024-08-19,53,203382,310608
2024-08-20,44,155746,177762
2024-08-21,63,339775,239240
2024-08-22,49,239112,174437
2024-08-23,42,174664,183272
2024-08-24,67,266866,251400
2024-08-25,47,144945,198289
2024-08-26,63,189730,231500
2024-08-27,53,241645,175433
2024-08-28,43,237671,130654
2024-08-29,35,108055,241267
2024-08-30,63,169133,170517
2024-08-31,77,163845,363066
2024-09-01,64,259136,145366
2024-09-02,55,220348,149797
2024-09-03,49,124345,263831
2024-09-04,58,202654,175658
2024-09-05,49,304918,109668
2024-09-06,69,170963,225523
2024-09-07,56,215579,153713
2024-09-08,53,234983,219716
2024-09-09,45,121891,147842
2024-09-10,60,140878,455036
2024-09-11,52,219258,147275
2024-09-12,53,295518,171224
2024-09-13,55,229106,183937
2024-09-14,60,148102,289109
2024-09-15,51,141503,204694
2024-09-16,38,173856,80213
2024-09-17,38,179042,106638
2024-09-18,47,171765,80801
2024-09-19,57,228567,228252
2024-09-20,42,183008,71211
2024-09-21,42,246589,162491
2024-09-22,48,172822,190552
2024-09-23,59,355052,131361
2024-09-24,67,333975,177961
2024-09-25,57,108370,245993
2024-09-26,57,88292,231869
2024-09-27,59,152094,167329
2024-09-28,44,179467,117328
2024-09-29,57,225701,186119
2024-09-30,77,272400,237492
2024-10-01,73,232007,281371
2024-10-02,51,138214,190725
2024-10-03,47,176965,200132
2024-10-04,48,164014,157597
2024-10-05,66,147476,289045
2024-10-06,65,212795,188660
2024-10-07,53,202677,248032
2024-10-08,58,255529,172020
2024-10-09,51,195077,162354
2024-10-10,69,151308,256843
2024-10-11,61,161795,173936
2024-10-12,58,323807,162454
2024-10-13,54,233871,166334
2024-10-14,53,122308,163547
2024-10-15,52,213370,227213
2024-10-16,53,195956,248249
2024-10-17,66,169924,295033
2024-10-18,45,251484,136606
2024-10-19,29,160922,151726
2024-10-20,39,124921,93341
2024-10-21,93,322071,235052
2024-10-22,46,105945,178140
2024-10-23,63,309296,217505
2024-10-24,62,195137,169107
2024-10-25,49,361940,218863
2024-10-26,49,230420,132959
2024-10-27,60,197327,194912
2024-10-28,48,195291,203875
2024-10-29,65,121707,267531
2024-10-30,57,296216,199979
2024-10-31,64,156729,261040
2024-11-01,42,172517,145449
2024-11-02,44,187787,121576
2024-11-03,78,203953,235123
2024-11-04,59,249700,176741
2024-11-05,55,227026,114667
2024-11-06,57,157796,196262
2024-11-07,62,200308,256355
2024-11-08,52,269075,171798
2024-11-09,45,131902,165768
2024-11-10,64,203825,201266
2024-11-11,51,142775,207946
2024-11-12,62,335570,272685
2024-11-13,46,102773,187575
2024-11-14,56,148390,169031
2024-11-15,66,254045,246116
2024-11-16,58,338614,149300
2024-11-17,60,324981,284776
2024-11-18,61,306871,193631
2024-11-19,52,93449,213347
2024-11-20,55,227815,250447
2024-11-21,48,141517,175930
2024-11-22,52,284020,176038
2024-11-23,59,286966,222618
2024-11-24,57,212516,180376
2024-11-25,46,199073,179343
2024-11-26,45,119655,159008
2024-11-27,52,214645,163305
2024-11-28,52,132135,212448
2024-11-29,56,130408,146029
2024-11-30,56,166975,243149
2024-12-01,53,158062,110544
2024-12-02,64,203815,201349
2024-12-03,48,203259,152576
2024-12-04,42,244882,97437
2024-12-05,53,190926,168248
2024-12-06,50,202932,180350
2024-12-07,63,192534,181817
2024-12-08,61,198049,229550
2024-12-09,51,253352,149690
2024-12-10,56,248974,159391
2024-12-11,46,101723,148759
2024-12-12,63,321809,375610
2024-12-13,48,184451,231288
2024-12-14,42,187625,162938
2024-12-15,50,194682,215554
2024-12-16,55,212285,269937
2024-12-17,60,280364,207643
2024-12-18,56,243050,245462
2024-12-19,50,147372,145764
2024-12-20,61,312329,243807
2024-12-21,49,159741,214566
2024-12-22,47,138137,189581
2024-12-23,59,247038,171666
2024-12-24,55,280741,105191
2024-12-25,58,286808,239142
2024-12-26,52,179715,140054
2024-12-27,52,245284,137272
2024-12-28,50,201249,140614
2024-12-29,57,136643,221258
2024-12-30,74,429827,224690
2024-12-31,44,120809,120561
2025-01-01,57,199203,308838
2025-01-02,49,247462,123660
2025-01-03,55,230883,191430
2025-01-04,45,170472,202270
2025-01-05,49,336156,140849
2025-01-06,59,288951,188669
2025-01-07,39,189852,198679
2025-01-08,60,245728,148232
2025-01-09,48,145729,312282
2025-01-10,46,131233,194977
2025-01-11,56,180287,148918
2025-01-12,61,198902,178205
2025-01-13,60,199417,158115
2025-01-14,46,195987,186846
2025-01-15,55,149174,218946
2025-01-16,47,169723,228751
2025-01-17,57,197171,267973
2025-01-18,58,444649,158808
2025-01-19,55,193116,183573
2025-01-20,57,240465,170648
2025-01-21,57,236384,177284
2025-01-22,62,120772,189971
2025-01-23,62,224009,188221
2025-01-24,54,215478,195114
2025-01-25,55,239069,196581
2025-01-26,58,150599,185917
2025-01-27,52,268805,154811
2025-01-28,28,138127,31768
2025-01-29,36,172260,191510
2025-01-30,44,205658,105963
2025-01-31,50,317382,117139
2025-02-01,49,252150,138189
2025-02-02,54,106955,134283
2025-02-03,63,221162,306474
2025-02-04,46,169358,135623
2025-02-05,39,88988,202375
2025-02-06,52,201482,128291
2025-02-07,35,58869,323014
2025-02-08,54,158616,206235
2025-02-09,51,189341,184135
2025-02-10,65,409009,143038
2025-02-11,57,121821,172321
2025-02-12,50,240401,130336
2025-02-13,61,199577,445259
2025-02-14,37,48962,209310
2025-02-15,55,155900,134954
2025-02-16,68,222833,287532
2025-02-17,68,248950,291472
2025-02-18,46,199508,117600
2025-02-19,54,150651,176213
2025-02-20,56,418774,198267
2025-02-21,51,175081,228028
2025-02-22,54,378017,247778
2025-02-23,52,172085,261213
2025-02-24,53,209770,142794
2025-02-25,57,227929,195477
2025-02-26,59,218812,206507
2025-02-27,51,319928,113438
2025-02-28,59,184451,244303
2025-03-01,47,127446,220322
2025-03-02,54,169622,177136
2025-03-03,23,153007,137297
2025-03-04,31,123090,113246
2025-03-05,76,290507,180438
2025-03-06,83,274917,207340
2025-03-07,56,310880,100758
2025-03-08,53,149634,243161
2025-03-09,57,285472,244594
2025-03-10,57,187711,246995
2025-03-11,50,269137,105642
2025-03-12,50,108813,176184
2025-03-13,58,208392,284043
2025-03-14,43,145575,265968
2025-03-15,46,289488,184083
2025-03-16,53,404694,129448
2025-03-17,63,268944,130789
2025-03-18,46,191903,201391
2025-03-19,72,280709,206052
2025-03-20,61,204189,273582
2025-03-21,50,177524,171729
2025-03-22,53,214947,273754
2025-03-23,49,317910,270992
2025-03-24,50,131623,254923
2025-03-25,53,314343,146784
2025-03-26,62,182519,207402
2025-03-27,52,171044,205657
2025-03-28,54,170676,154796
2025-03-29,58,174733,331229
2025-03-30,51,162729,210460
2025-03-31,64,453570,199632
2025-04-01,55,263250,194140
2025-04-02,47,165192,102239
2025-04-03,57,246113,319225
2025-04-04,64,213604,190956
2025-04-05,59,216846,348844
2025-04-06,52,280487,115465
2025-04-07,42,247953,52329
2025-04-08,56,266804,151103
2025-04-09,52,281688,212708
2025-04-10,47,204481,168272
2025-04-11,41,111613,282162
2025-04-12,43,222388,251993
2025-04-13,49,127770,260727
2025-04-14,51,155248,127666
2025-04-15,64,297910,176260
2025-04-16,46,246402,187780
2025-04-17,51,155591,366726
2025-04-18,57,238441,192123
2025-04-19,56,203879,300791
2025-04-20,65,309258,194779
2025-04-21,51,439750,70459
2025-04-22,40,80988,159724
2025-04-23,72,149584,239414
2025-04-24,58,192121,223854
2025-04-25,47,269952,171074
2025-04-26,54,192989,127013
2025-04-27,61,224064,195934
2025-04-28,62,306225,134147
2025-04-29,48,191739,356933
2025-04-30,57,259970,159573
2025-05-01,47,183271,183131
2025-05-02,59,283224,255222
2025-05-03,51,191888,150611
2025-05-04,54,224396,182452
2025-05-05,50,389821,250112
2025-05-06,51,206996,172773
2025-05-07,54,303035,137261
2025-05-08,51,306200,211875
2025-05-09,48,257484,189177
2025-05-10,55,138934,302408
2025-05-11,69,222746,307763
2025-05-12,59,249440,373317
2025-05-13,48,146069,211270
2025-05-14,53,230135,222110
2025-05-15,56,97799,268764
2025-05-16,48,191941,202357
2025-05-17,47,237095,205114
2025-05-18,53,107502,205540
2025-05-19,50,261055,246293
2025-05-20,48,116943,85860
2025-05-21,63,201492,218598
2025-05-22,46,174566,97970
2025-05-23,53,239084,183045
2025-05-24,52,238257,211698
2025-05-25,67,147749,170486
2025-05-26,61,220149,172628
2025-05-27,42,311194,100016
2025-05-28,62,322541,237288
2025-05-29,59,177369,143847
2025-05-30,54,322167,118191
2025-05-31,55,150482,176141
2025-06-01,68,390086,266559
2025-06-02,58,302674,104367
2025-06-03,56,279380,152778
2025-06-04,64,180619,258803
2025-06-05,37,113383,106049
2025-06-06,62,208403,169643
2025-06-07,60,262721,193034
2025-06-08,57,210602,248806
2025-06-09,50,151788,139571
2025-06-10,52,163935,222773
2025-06-11,63,410941,151208
2025-06-12,50,154455,177316
2025-06-13,51,193461,171668
2025-06-14,52,112254,343026
2025-06-15,53,274093,188868
2025-06-16,60,246573,176337
2025-06-17,46,208864,227713
2025-06-18,54,209745,172665
2025-06-19,52,220260,273652
2025-06-20,54,176971,123282
2025-06-21,69,138213,292995
2025-06-22,50,235481,112173
2025-06-23,57,237015,163821
2025-06-24,54,230241,291041
2025-06-25,52,354954,172533
2025-06-26,49,162261,137331
2025-06-27,60,132499,320031
2025-06-28,55,252090,242850
2025-06-29,53,269654,158220
2025-06-30,59,268938,168063
2025-07-01,58,321250,267410
2025-07-02,46,191489,205123
2025-07-03,45,212494,85313
2025-07-04,61,189113,304290
2025-07-05,56,172811,249276
2025-07-06,50,148923,140680
2025-07-07,58,314295,182863
2025-07-08,49,338101,178042
2025-07-09,59,184147,162293
2025-07-10,47,244034,81358
2025-07-11,51,273445,161637
2025-07-12,62,209831,198330
2025-07-13,52,134297,285426
2025-07-14,63,268602,191004
2025-07-15,38,111939,109787
2025-07-16,59,273000,216643
2025-07-17,42,233897,185579
2025-07-18,45,183510,112628
2025-07-19,52,165097,265633
2025-07-20,54,138095,152341
2025-07-21,61,334454,353095
2025-07-22,53,168333,185973
2025-07-23,57,140748,280108
2025-07-24,55,159911,197035
2025-07-25,51,145443,382755
2025-07-26,48,238161,185527
2025-07-27,49,164629,202858
2025-07-28,56,322689,175279
2025-07-29,54,120231,238699
2025-07-30,61,472543,172487
2025-07-31,47,129151,200630
2025-08-01,50,201601,191189
2025-08-02,51,214342,154386
2025-08-03,47,84053,110886
2025-08-04,42,279195,78092
2025-08-05,73,433263,112550
2025-08-06,47,143729,145536
2025-08-07,62,225714,173622
2025-08-08,45,186274,107143
2025-08-09,57,203043,171121
2025-08-10,50,116976,170658
2025-08-11,65,244268,222464
2025-08-12,50,181831,232394
2025-08-13,46,139853,170856
2025-08-14,49,223367,103149
2025-08-15,51,157953,147724
2025-08-16,49,149678,162469
2025-08-17,54,184181,277813
2025-08-18,54,237545,215383
2025-08-19,52,284423,112051
2025-08-20,48,232519,213803
2025-08-21,47,164599,132152
2025-08-22,57,251174,235657
2025-08-23,63,153270,327959
2025-08-24,47,212348,142042
2025-08-25,48,215967,198792
2025-08-26,47,193933,146862
2025-08-27,48,132637,228316
2025-08-28,63,260215,269312
2025-08-29,52,147253,200655
2025-08-30,59,185744,155533
2025-08-31,58,204449,275091
2025-09-01,56,202323,145959
2025-09-02,57,284091,159364
2025-09-03,52,171227,265838
2025-09-04,50,284883,158047
2025-09-05,55,141333,207117
2025-09-06,42,121083,190731
2025-09-07,50,185998,156016
2025-09-08,75,291788,250211
2025-09-09,51,305540,153804
2025-09-10,45,174205,165456
2025-09-11,48,141829,258884
2025-09-12,54,136984,235298
2025-09-13,59,348329,229546
2025-09-14,57,178085,220411
2025-09-15,59,191652,191637
2025-09-16,53,228554,173907
2025-09-17,55,355996,112968
2025-09-18,56,217317,180743
2025-09-19,51,220338,208801
2025-09-20,57,111534,270177
2025-09-21,47,131204,200718
2025-09-22,56,181095,203786
2025-09-23,62,294648,184515
2025-09-24,40,134364,178048
2025-09-25,57,256602,153793
2025-09-26,54,242654,242345
2025-09-27,58,115081,223958
2025-09-28,61,280354,165383
2025-09-29,51,227758,129210
2025-09-30,52,309366,159665
2025-10-01,64,277458,145278
2025-10-02,42,186524,125474
2025-10-03,53,276661,163832
2025-10-04,64,190502,357809
2025-10-05,44,104897,124469
2025-10-06,35,107000,144269
2025-10-07,47,102215,203276
2025-10-08,44,327289,170543
2025-10-09,44,187502,93406
2025-10-10,67,216478,208480
2025-10-11,57,169606,167675
2025-10-12,35,95619,128180
2025-10-13,54,259038,210379
2025-10-14,51,212310,131471
2025-10-15,67,285520,225179
2025-10-16,55,122602,219091
2025-10-17,48,142546,115361
2025-10-18,58,222354,143837
2025-10-19,53,181383,159891
2025-10-20,38,121364,74516
2025-10-21,50,120895,154075
2025-10-22,45,165493,127073
2025-10-23,60,204814,265400
2025-10-24,54,136895,152043
2025-10-25,64,128602,288121
2025-10-26,45,209477,97340
2025-10-27,58,156474,275463
2025-10-28,49,247117,189971
2025-10-29,60,293770,155013
2025-10-30,56,186050,149180
2025-10-31,56,227335,176331
2025-11-01,52,210039,168904
2025-11-02,63,189089,117056
2025-11-03,52,265803,211060
2025-11-04,65,223505,183615
2025-11-05,59,236587,264278
2025-11-06,46,254446,105542
2025-11-07,56,173407,385003
2025-11-08,56,213785,192996
2025-11-09,54,182806,114157
2025-11-10,58,147667,152052
2025-11-11,54,274625,195621
2025-11-12,50,161508,295517
2025-11-13,49,173438,174421
2025-11-14,51,185772,160550
2025-11-15,53,128542,200906
2025-11-16,59,178492,192964
2025-11-17,51,278197,161519
2025-11-18,52,268762,343865
2025-11-19,48,120244,184038
2025-11-20,50,169674,138122
2025-11-21,51,163443,129649
2025-11-22,67,156184,138439
2025-11-23,49,142214,174840
2025-11-24,53,265961,224786
2025-11-25,52,220384,304370
2025-11-26,47,118789,133261
2025-11-27,60,346753,121033
2025-11-28,55,121720,155858
2025-11-29,48,185506,200125
2025-11-30,63,211188,308684
2025-12-01,54,201087,172986
2025-12-02,48,145089,182285
2025-12-03,44,198260,101042
2025-12-04,57,170277,162870
2025-12-05,45,189201,116768
2025-12-06,60,270351,276323
2025-12-07,40,131834,117796
2025-12-08,58,285472,261374
2025-12-09,52,190075,256712
2025-12-10,53,216892,159783
2025-12-11,47,348030,137546
2025-12-12,55,119859,264905
2025-12-13,53,124855,228957
2025-12-14,46,275619,119893
2025-12-15,43,223578,212322
2025-12-16,51,178268,238440
2025-12-17,54,224054,128516
2025-12-18,46,295053,137365
2025-12-19,60,205493,215309
2025-12-20,50,113774,212499
2025-12-21,52,200670,168979
2025-12-22,65,268524,239876
2025-12-23,60,289482,197019
2025-12-24,55,325862,299426
2025-12-25,41,290978,136165
2025-12-26,52,137345,216662
2025-12-27,58,154099,242904
2025-12-28,64,259837,187917
2025-12-29,63,205077,178270
2025-12-30,51,257083,210235
2025-12-31,45,362795,91345
2026-01-01,50,147613,210022
2026-01-02,47,135428,251129
2026-01-03,54,261461,170190
2026-01-04,53,134255,115924
2026-01-05,49,308313,109853
2026-01-06,45,233420,136649
2026-01-07,55,197858,246713
2026-01-08,47,107426,279607
2026-01-09,69,223170,245691
2026-01-10,28,128813,51225
2026-01-11,51,144259,317305
2026-01-12,63,259897,272906
2026-01-13,66,232014,181340
2026-01-14,39,190703,216551
2026-01-15,63,162902,403516
2026-01-16,53,216682,106123
2026-01-17,55,192702,166159
2026-01-18,54,225085,164778
2026-01-19,53,106235,175143
2026-01-20,43,177977,128359
2026-01-21,44,106843,209928
2026-01-22,45,208062,117024
2026-01-23,48,157855,90774
2026-01-24,59,176428,224558
2026-01-25,64,151001,162937
2026-01-26,49,273013,146869
2026-01-27,43,221734,79140
2026-01-28,50,147084,151168
2026-01-29,55,286621,154409
2026-01-30,59,199730,205384
2026-01-31,63,337495,164670
2026-02-01,57,177765,147150
2026-02-02,59,166830,165578
2026-02-03,51,234329,148883
2026-02-04,62,207416,160837
2026-02-05,55,245235,198535
2026-02-06,51,233931,172050
2026-02-07,47,133305,78030
2026-02-08,38,179728,94787
2026-02-09,59,283313,126920
2026-02-10,53,273307,269320
2026-02-11,62,263792,274186
2026-02-12,45,179308,167322
2026-02-13,58,298992,256018
2026-02-14,55,189648,168762
2026-02-15,59,192772,162410
2026-02-16,35,64507,99622
2026-02-17,31,277668,56365
2026-02-18,43,146815,136350
2026-02-19,50,341566,98785
2026-02-20,56,145205,197219
2026-02-21,56,203956,199362
2026-02-22,61,283005,158877
2026-02-23,49,154244,152417
2026-02-24,44,108697,221349
2026-02-25,48,124153,248565
2026-02-26,66,355096,344712
2026-02-27,58,131854,228074
2026-02-28,61,204407,395805
2026-03-01,52,223862,257890
2026-03-02,29,46319,140595
2026-03-03,55,105974,297670
2026-03-04,69,194720,362243
2026-03-05,58,248923,281611
2026-03-06,42,119874,236191
2026-03-07,57,261872,130054
2026-03-08,53,169705,352300
2026-03-09,52,244625,145373
2026-03-10,59,285325,223570
2026-03-11,59,239857,257024
2026-03-12,56,300378,126260
2026-03-13,58,226113,184628
2026-03-14,61,387508,199116
2026-03-15,49,179292,172469
2026-03-16,46,160697,122538
2026-03-17,47,155967,141703
2026-03-18,45,270991,162392
2026-03-19,52,171918,170785
2026-03-20,59,185095,344623
2026-03-21,57,101278,214058
2026-03-22,62,216457,274104
2026-03-23,58,220522,246352
2026-03-24,49,284237,172648
2026-03-25,50,153396,180564
2026-03-26,60,334716,272571
2026-03-27,50,132501,119553
2026-03-28,42,235440,149998
2026-03-29,58,234075,183879
2026-03-30,55,204592,127968
2026-03-31,45,390471,122105
2026-04-01,51,143465,126110
2026-04-02,58,248341,172033
2026-04-03,48,190445,175368
2026-04-04,50,151884,148481
2026-04-05,56,240692,135927
2026-04-06,46,241350,169082
2026-04-07,52,105415,203232
2026-04-08,51,174647,164308
2026-04-09,39,213022,124828
2026-04-10,60,172946,248685
2026-04-11,51,251819,120106
2026-04-12,51,194037,197725
2026-04-13,53,141995,332152
2026-04-14,45,173543,195767
2026-04-15,58,157305,288384
2026-04-16,58,233180,223076
2026-04-17,52,367881,204044
2026-04-18,53,243195,235456
2026-04-19,54,187893,95184
2026-04-20,61,311472,205477
2026-04-21,46,230617,241278
2026-04-22,49,239814,143165
2026-04-23,57,170081,201774
2026-04-24,60,318440,221475
2026-04-25,63,174080,301547
2026-04-26,56,341132,240305
2026-04-27,50,190472,203408
2026-04-28,49,113911,179519
2026-04-29,57,170015,230206
2026-04-30,48,249306,117155
2026-05-01,57,294417,212788
2026-05-02,62,374901,139825
2026-05-03,52,180126,224539
2026-05-04,52,214996,326027
2026-05-05,51,251361,91802
2026-05-06,53,201015,100650
2026-05-07,46,159671,202693
2026-05-08,52,144962,191525
2026-05-09,49,288615,198350
2026-05-10,39,199621,213539
2026-05-11,47,279669,123436
2026-05-12,51,168882,131047
2026-05-13,57,170834,214660
2026-05-14,45,172718,196800
2026-05-15,49,176032,216402
2026-05-16,62,240699,171400
2026-05-17,54,158504,252984
2026-05-18,47,82174,314704
2026-05-19,52,240750,202321
2026-05-20,49,219174,92538
2026-05-21,39,165094,147960
2026-05-22,51,286757,163805
2026-05-23,50,162486,216806
2026-05-24,58,229603,110957
2026-05-25,51,223776,256824
2026-05-26,37,136201,118134
2026-05-27,48,303292,148594
2026-05-28,42,135116,149140
2026-05-29,69,464020,152604
2026-05-30,56,219828,123376
2026-05-31,52,124539,326777
2026-06-01,47,155969,149996
2026-06-02,50,278982,226894
2026-06-03,48,387356,171610
2026-06-04,46,242982,182717
2026-06-05,53,204595,157852
2026-06-06,45,126552,184724
2026-06-07,50,213989,139217
2026-06-08,49,248472,249078
2026-06-09,55,317203,157693
2026-06-10,57,125300,205079
2026-06-11,58,236476,327514
2026-06-12,49,177322,113451
2026-06-13,44,174492,119197
2026-06-14,55,439176,260672
2026-06-15,56,241966,209082
2026-06-16,52,172095,247029
2026-06-17,48,155760,294446
2026-06-18,38,137095,116442
2026-06-19,37,158382,203838
2026-06-20,47,240621,186773
2026-06-21,65,204817,368966
2026-06-22,55,162997,127519
2026-06-23,55,201506,146411
2026-06-24,54,267600,318489
2026-06-25,52,225303,235936
2026-06-26,43,206990,155329
2026-06-27,54,227313,171017
2026-06-28,59,224888,119780
2026-06-29,46,172868,179896
2026-06-30,71,218860,203110
2026-07-01,52,181147,148931
2026-07-02,49,152180,195961
2026-07-03,50,212803,252637
2026-07-04,51,102763,347059
2026-07-05,60,301781,282139
2026-07-06,49,162440,214503
2026-07-07,66,182193,266720
2026-07-08,52,286928,108291
2026-07-09,45,179370,163986
2026-07-10,53,204592,274211
2026-07-11,49,280860,201119
2026-07-12,40,187444,89451
2026-07-13,41,426438,71842
2026-07-14,33,199834,58699
2026-07-15,50,141879,195259
2026-07-16,65,219444,255036
2026-07-17,46,265109,195625
2026-07-18,63,229797,317627
2026-07-19,43,223930,146853
2026-07-20,61,214659,335503
2026-07-21,51,300712,255573
2026-07-22,55,158617,164656
2026-07-23,56,147450,174030
2026-07-24,51,155459,141577
2026-07-25,47,159560,179190
2026-07-26,56,214106,273034
2026-07-27,51,237190,232915
2026-07-28,42,131516,133251
2026-07-29,61,169539,240990
2026-07-30,45,131856,194767
2026-07-31,57,147358,219512
