date,Americas,Europe,Japan,Asia Pacific,Worldwide
1986-01-01,555850,346467,638547,105050,1645914
1986-02-01,633465,401765,750366,115746,1901342
1986-03-01,756220,461912,840215,147968,2206315
1986-04-01,689470,436798,838082,156420,2120770
1986-05-01,718336,446171,870515,167537,2202559
1986-06-01,797014,472555,922481,185026,2377076
1986-07-01,707784,439444,996881,186067,2330176
1986-08-01,697506,426172,914476,187628,2225782
1986-09-01,803392,507467,971103,208132,2490094
1986-10-01,702111,493835,949854,196243,2342043
1986-11-01,673104,431645,875638,191042,2171429
1986-12-01,774305,479532,882567,205455,2341859
1987-01-01,662316,446216,839651,189473,2137656
1987-02-01,695384,460982,885850,218174,2260390
1987-03-01,879953,551635,947246,258402,2637236
1987-04-01,783070,483195,937335,270392,2473992
1987-05-01,819071,522679,980361,285919,2608030
1987-06-01,934011,542275,1064083,307717,2848086
1987-07-01,851790,459319,1093292,299726,2704127
1987-08-01,875491,456098,1000056,290902,2622547
1987-09-01,996212,587787,1157494,300332,3041825
1987-10-01,896818,538082,1190420,296872,2922192
1987-11-01,879017,559245,1271073,304696,3014031
1987-12-01,986071,580580,1364929,328760,3260340
1988-01-01,905615,549355,1287746,333531,3076247
1988-02-01,960564,619132,1318583,353147,3251426
1988-03-01,1128942,755057,1400992,425174,3710165
1988-04-01,1016859,646877,1443163,413350,3520249
1988-05-01,1081031,666687,1443800,417382,3608900
1988-06-01,1248108,766987,1596692,473157,4084944
1988-07-01,1119216,586428,1534711,449794,3690149
1988-08-01,1162241,608248,1449729,469838,3690056
1988-09-01,1276955,751428,1531053,503026,4062462
1988-10-01,1122817,685134,1656425,491929,3956305
1988-11-01,1162138,732369,1716893,519455,4130855
1988-12-01,1233554,736179,1728988,524330,4223051
1989-01-01,1111249,711490,1551335,452290,3826364
1989-02-01,1206446,756220,1594165,448872,4005703
1989-03-01,1370839,869481,1641383,534755,4416458
1989-04-01,1245328,770203,1654175,483634,4153340
1989-05-01,1233652,715541,1561323,487818,3998334
1989-06-01,1361968,809640,1624493,537878,4333979
1989-07-01,1153881,640689,1632158,468980,3895708
1989-08-01,1184987,635671,1538493,465634,3824785
1989-09-01,1339389,846311,1581367,516908,4283975
1989-10-01,1187775,733167,1630395,467975,4019312
1989-11-01,1208219,710850,1573962,471064,3964095
1989-12-01,1225302,741299,1562514,511758,4040873
1990-01-01,1055827,700723,1421004,424172,3601726
1990-02-01,1107641,743146,1448870,482574,3782231
1990-03-01,1326514,900981,1472713,570160,4270368
1990-04-01,1145964,744998,1401811,523270,3816043
1990-05-01,1193839,772192,1456389,564258,3986678
1990-06-01,1317676,891609,1617484,616154,4442923
1990-07-01,1130835,738098,1684396,582145,4135474
1990-08-01,1229168,727183,1585911,609515,4151777
1990-09-01,1335936,912755,1825002,669269,4742962
1990-10-01,1206712,819633,1909542,628863,4564750
1990-11-01,1182091,808928,1924936,605038,4520993
1990-12-01,1213234,838388,1815059,636326,4503007
1991-01-01,1143298,807995,1612391,567864,4131548
1991-02-01,1217353,874934,1745898,601440,4439625
1991-03-01,1426972,997469,1787181,689775,4901397
1991-04-01,1208734,806641,1680403,619630,4315408
1991-05-01,1232198,816393,1697557,659335,4405483
1991-06-01,1390279,952982,1804178,761638,4909077
1991-07-01,1151781,699730,1812379,668927,4332817
1991-08-01,1229369,725496,1673650,669731,4298246
1991-09-01,1480484,977120,1854049,773053,5084706
1991-10-01,1210419,802799,1782817,697074,4493109
1991-11-01,1291194,828180,1758915,713730,4592019
1991-12-01,1394192,825121,1725581,759125,4704019
1992-01-01,1283004,865778,1546622,720399,4415803
1992-02-01,1305160,865850,1510697,735101,4416808
1992-03-01,1606288,1007745,1516198,848402,4978633
1992-04-01,1377033,848457,1439648,769133,4434271
1992-05-01,1386386,867857,1462557,846552,4563352
1992-06-01,1627983,1025466,1689422,964585,5307456
1992-07-01,1417599,834451,1781775,844812,4878637
1992-08-01,1490870,883351,1596386,868982,4839589
1992-09-01,1811903,1188526,1840636,1018271,5859336
1992-10-01,1560184,1006966,1754525,912614,5234289
1992-11-01,1657251,1020525,1658238,993549,5329563
1992-12-01,1887095,1055456,1599414,1065256,5607221
1993-01-01,1576795,936794,1473117,855980,4842686
1993-02-01,1783951,1048188,1582069,1010749,5424957
1993-03-01,2201464,1317355,1759146,1167016,6444981
1993-04-01,1815346,1105437,1810633,1094295,5825711
1993-05-01,1898999,1174687,1848633,1116039,6038358
1993-06-01,2379808,1351115,2187141,1259364,7177428
1993-07-01,1854456,1085722,2217725,1207058,6364959
1993-08-01,2039793,1110055,2104810,1266067,6520724
1993-09-01,2539367,1480152,2353363,1409681,7782563
1993-10-01,2015423,1276641,2175919,1205876,6673859
1993-11-01,2136193,1339624,2178841,1261237,6915895
1993-12-01,2502413,1373228,2106991,1314929,7297560
1994-01-01,2195094,1291004,1898178,1282828,6667104
1994-02-01,2336042,1357721,2033128,1262962,6989853
1994-03-01,2775581,1589355,2308591,1543314,8216841
1994-04-01,2508645,1462097,2255227,1460412,7686381
1994-05-01,2514867,1478946,2268816,1515274,7777903
1994-06-01,3051443,1807893,2565505,1733660,9158501
1994-07-01,2462960,1398823,2631936,1537993,8031712
1994-08-01,2825889,1509781,2468047,1645354,8449071
1994-09-01,3425229,2025441,2768472,1857564,10076706
1994-10-01,2986537,1870808,2742697,1672517,9272559
1994-11-01,2962800,1939709,2806029,1752811,9461349
1994-12-01,3516499,2004707,2659723,1909684,10090613
1995-01-01,2975184,1887830,2518007,1842393,9223414
1995-02-01,3198121,2006521,2763394,2043788,10011824
1995-03-01,3994742,2485883,3166605,2469688,12116918
1995-04-01,3346810,2139874,3381908,2285955,11154547
1995-05-01,3451050,2190945,3323489,2408738,11374222
1995-06-01,4355697,2613929,3811247,2821276,13602149
1995-07-01,3398858,2064455,3592339,2432135,11487787
1995-08-01,3965714,2229756,3273628,2572269,12041368
1995-09-01,4852650,2851230,3422927,2749308,13876115
1995-10-01,4114971,2492094,3378168,2570824,12556058
1995-11-01,4386548,2644315,3432276,2669079,13132217
1995-12-01,4958117,2591838,3602689,2674418,13827062
1996-01-01,3675343,2452042,2866624,2412289,11406298
1996-02-01,3944980,2545294,3000074,2204552,11694900
1996-03-01,4567057,2824629,3203510,2623579,13218775
1996-04-01,3205334,2207867,2718915,2190414,10322530
1996-05-01,3248067,2073280,2730779,2101610,10153736
1996-06-01,3625373,2310978,2954049,2440959,11331358
1996-07-01,2787850,1746097,2714929,2002191,9251067
1996-08-01,3126662,1832233,2592154,2079751,9630800
1996-09-01,3909092,2571859,3028488,2478693,11988132
1996-10-01,3314033,2296102,2680685,2197499,10488318
1996-11-01,3398109,2265380,2848916,2292074,10804479
1996-12-01,3877116,2436228,2836114,2526581,11676039
1997-01-01,3030591,2119212,2409249,1952130,9511182
1997-02-01,3363775,2213728,2493755,2038418,10109676
1997-03-01,4647195,2791913,2858376,2984934,13282418
1997-04-01,3371540,2179595,2322244,2165731,10039110
1997-05-01,3732943,2174539,2713631,2432448,11053561
1997-06-01,4462311,2755834,3251312,2797763,13267220
1997-07-01,3380788,2000471,2849744,2397599,10628604
1997-08-01,3765124,2095908,2595026,2566652,11022709
1997-09-01,4686234,3052165,3001634,3097224,13837257
1997-10-01,3479007,2461922,2636161,2533531,11110621
1997-11-01,3760475,2554419,2509186,2569883,11393962
1997-12-01,4170911,2689093,2439064,2647733,11946800
1998-01-01,3133805,2296305,2107819,2019984,9557913
1998-02-01,3335998,2315488,2175518,2272918,10099922
1998-03-01,3853748,2728293,2429828,2698388,11710257
1998-04-01,3021827,2202143,2000880,2314450,9539300
1998-05-01,2949506,2081210,1960964,2037949,9029629
1998-06-01,3818223,2585314,2200326,2431241,11035104
1998-07-01,2877577,1984717,1998234,2109965,8970493
1998-08-01,3271366,2122412,1824718,2241523,9460019
1998-09-01,4210405,2998842,2271433,2790774,12271454
1998-10-01,3398594,2621688,2346921,2507198,10874401
1998-11-01,3478136,2684199,2274550,2605070,11041955
1998-12-01,4082741,2785653,2329826,2823332,12021552
1999-01-01,3219522,2294293,2280451,2476532,10270798
1999-02-01,3373861,2412757,2304261,2363997,10454876
1999-03-01,4259443,2890815,2677624,2989220,12817102
1999-04-01,3281477,2149507,2306819,2628275,10366078
1999-05-01,3435805,2206092,2371840,2716116,10729853
1999-06-01,4278314,2623049,2700963,3007709,12610035
1999-07-01,3617796,2233808,2610182,2780811,11242597
1999-08-01,3817852,2467182,2607673,2989192,11881899
1999-09-01,4637938,3276095,3149993,3827276,14891302
1999-10-01,4086671,2791699,3114181,3397875,13390426
1999-11-01,4200511,3133424,3300784,3791692,14426411
1999-12-01,5268690,3402553,3410326,4215605,16297174
2000-01-01,4132023,2949840,3158416,3550964,13791243
2000-02-01,4070165,3083193,3246422,3441499,13841279
2000-03-01,5594723,3858674,3655218,4468914,17577529
2000-04-01,4257407,3060428,3381266,3735897,14434998
2000-05-01,4915747,3275103,3552574,3953033,15696457
2000-06-01,6756937,4040056,4199465,5093919,20090377
2000-07-01,4947587,3007787,3913499,4221957,16090830
2000-08-01,5821267,3613962,4035747,4594272,18065248
2000-09-01,6923671,4244418,4690269,5291625,21149983
2000-10-01,4948717,3525230,4334285,3924623,16732855
2000-11-01,4936959,3634755,4256402,4111899,16940015
2000-12-01,6766156,4015491,4325783,4875379,19982809
2001-01-01,3664548,3052845,3532288,2715752,12965433
2001-02-01,3811278,2965906,3442623,3280120,13499927
2001-03-01,4865580,3819818,3807985,4278414,16771797
2001-04-01,2615034,2439495,2825404,3061114,10941047
2001-05-01,2575637,2196459,2783229,2855898,10411223
2001-06-01,3514163,2870184,3143546,3743768,13271661
2001-07-01,1978417,1692238,2388567,2711531,8770753
2001-08-01,2308767,1768516,2183770,3031622,9292675
2001-09-01,3028710,2822728,2662147,3986521,12500106
2001-10-01,2207125,2014167,2199451,3103773,9524516
2001-11-01,2268857,2119288,2111129,3288306,9787580
2001-12-01,2940332,2454622,2067676,3763262,11225892
2002-01-01,2204457,1806390,1883626,3146515,9040988
2002-02-01,2419266,2030798,2057970,3309197,9817231
2002-03-01,3209539,2932907,2385984,4812701,13341131
2002-04-01,2217146,1882454,2159778,3787661,10047039
2002-05-01,2519930,1899398,2434705,3883881,10737914
2002-06-01,3017547,2657578,2762239,4838755,13276119
2002-07-01,2255203,1906951,2784579,4065451,11012184
2002-08-01,2467481,2077459,2716235,4228547,11489722
2002-09-01,3176114,2964911,2984052,5241478,14366555
2002-10-01,2295235,2335639,2854822,4195297,11680993
2002-11-01,2608932,2525318,2703274,4598607,12436131
2002-12-01,2884627,2768676,2766384,5047626,13467313
2003-01-01,2180055,2119735,2709136,3931682,10940608
2003-02-01,2257864,2468121,2684795,3928697,11339477
2003-03-01,2938663,2996398,3244796,5436984,14616841
2003-04-01,2142606,2164981,2699072,4236839,11243498
2003-05-01,2501006,2237604,2999836,4351842,12090288
2003-06-01,2959157,2869079,3374873,5554289,14757398
2003-07-01,2203971,2327962,3123182,4657393,12312508
2003-08-01,2667699,2434715,3138268,5381795,13622477
2003-09-01,3382249,3375876,3822295,6822043,17402463
2003-10-01,2760664,3074324,3714630,5710950,15260568
2003-11-01,3022401,2993422,3621463,6050194,15687480
2003-12-01,3314347,3247809,3809850,6779910,17151916
2004-01-01,2467532,2583657,3413020,5361597,13825806
2004-02-01,3012035,3053706,3443989,6287404,15797134
2004-03-01,3748837,3795667,3962665,7730699,19237868
2004-04-01,2813374,2822133,3603145,6689747,15928399
2004-05-01,3030899,2941374,3599954,7275021,16847248
2004-06-01,4019400,3605878,4301863,8806293,20733434
2004-07-01,2834985,2942475,3844112,6856932,16478504
2004-08-01,3398409,3105213,3781467,7349988,17635077
2004-09-01,4028203,3997679,4234865,9179552,21440299
2004-10-01,3093517,3268991,3694039,7212937,17269484
2004-11-01,3228716,3541750,3902994,7721612,18395072
2004-12-01,3388643,3765607,3974597,8309664,19438511
2005-01-01,2981900,3113776,3720700,7489572,17305948
2005-02-01,3056434,3258018,3675568,7232398,17222418
2005-03-01,3702744,3752362,4093966,9000741,20549813
2005-04-01,2915431,2950200,3318904,7437040,16621575
2005-05-01,3007818,2877625,3439285,7657779,16982507
2005-06-01,3599324,3504530,3871861,9295174,20270889
2005-07-01,2795789,2758605,3392737,7859520,16806651
2005-08-01,3330615,2970676,3534294,8850313,18685898
2005-09-01,4216786,4139002,4175231,10648215,23179234
2005-10-01,3237951,3152284,3482735,8435154,18308124
2005-11-01,3724965,3302125,3639867,9065932,19732889
2005-12-01,4165834,3495940,3736913,10419504,21818191
2006-01-01,3238899,2760051,3589231,7829065,17417246
2006-02-01,3749786,3072567,3611379,8157558,18591290
2006-03-01,4212716,3877369,4173269,10832046,23095400
2006-04-01,2827869,2744920,3469510,8068809,17111108
2006-05-01,3533626,3028939,3710371,8953939,19226875
2006-06-01,4266343,3693588,4160418,10884068,23004417
2006-07-01,3295264,2794976,3710054,8415451,18215745
2006-08-01,3913696,3135332,3887125,9384896,20321049
2006-09-01,4469062,4305545,4475370,12248218,25498195
2006-10-01,3589107,3188311,3934976,9376916,20089310
2006-11-01,3850752,3557426,3886403,10754375,22048956
2006-12-01,3964785,3745301,3810115,11576401,23096602
2007-01-01,3306741,3154813,3690640,9139154,19291348
2007-02-01,2968395,3121053,3551242,8391316,18032006
2007-03-01,3750347,3887879,4380541,11743325,23762092
2007-04-01,3064006,2872733,3634430,8805648,18376817
2007-05-01,3216766,3034951,3732739,8810187,18794643
2007-06-01,3648920,3710211,4157847,11216491,22733469
2007-07-01,3572380,3106570,3997890,9604650,20281490
2007-08-01,3528971,3313138,4147168,10593623,21582900
2007-09-01,4315234,4169343,4630400,12832026,25947003
2007-10-01,3731363,3347538,4316276,10150963,21546140
2007-11-01,3429061,3526770,4210933,10704182,21870946
2007-12-01,3804099,3726531,4395197,11500657,23426484
2008-01-01,3100604,3063307,3690441,9256369,19110721
2008-02-01,2877532,3132229,3822103,8667192,18499056
2008-03-01,3984607,3863534,5152161,12196335,25196637
2008-04-01,3076190,3012964,3760884,9081676,18931714
2008-05-01,3070677,3105750,3804104,10269700,20250231
2008-06-01,4060136,3987974,4281998,13189908,25520016
2008-07-01,2910958,3086103,4230796,10557193,20785050
2008-08-01,2990409,3266770,4145240,11425022,21827441
2008-09-01,3719854,4080230,4397158,14066556,26263798
2008-10-01,2908989,2912918,4144357,9413586,19379850
2008-11-01,2609885,2516643,3615144,8217419,16959091
2008-12-01,2570700,2221065,3453664,7633778,15879207
2009-01-01,2427384,2058728,2610058,5918868,13015038
2009-02-01,2331771,2043423,2269423,6797439,13442056
2009-03-01,2966882,2415081,2659884,9198839,17240686
2009-04-01,2646156,2048610,2766939,8891834,16353539
2009-05-01,2757266,2115748,2863005,8773281,16509300
2009-06-01,3431831,2494004,3382533,10277822,19586190
2009-07-01,3137376,2382320,3470460,10184808,19174964
2009-08-01,3301314,2364238,3267101,10449917,19382570
2009-09-01,4019742,3111201,4171677,13021470,24324090
2009-10-01,3714890,2950902,3807165,11707929,22180886
2009-11-01,3924271,2997667,3551632,11153337,21626907
2009-12-01,3860935,2883181,3480139,13252885,23477140
2010-01-01,3551756,2903466,3445584,12171535,22072341
2010-02-01,3677112,2827244,3466880,11035895,21007131
2010-03-01,4671398,3468082,3938402,14640439,26718321
2010-04-01,3983738,2921673,3622303,12955575,23483289
2010-05-01,4482195,2983503,3567561,12869510,23902769
2010-06-01,5224489,3346649,4056266,14414553,27041957
2010-07-01,4482542,3000910,3974414,12971586,24429452
2010-08-01,4749066,3009367,4054234,13508303,25320970
2010-09-01,5135133,3688415,4534197,15519120,28876865
2010-10-01,4485400,3322437,4010288,12585120,24403245
2010-11-01,4494515,3245440,3932415,12829391,24501761
2010-12-01,4738005,3336607,3958218,14524184,26557014
2011-01-01,4836916,3312201,3502052,13521958,25173127
2011-02-01,4262842,3089922,3336209,11612881,22301854
2011-03-01,5083462,3624106,3987004,15765605,28460177
2011-04-01,4398007,3173005,2924444,13094683,23590139
2011-05-01,4403388,3070730,3107417,13092604,23674139
2011-06-01,5300690,3385153,3880361,14828599,27394803
2011-07-01,4201157,2938273,3414402,12961345,23515177
2011-08-01,4235088,2881078,3639282,13647523,24402971
2011-09-01,5391839,3580930,4337420,16201166,29511355
2011-10-01,4377263,2783543,3670125,12670308,23501239
2011-11-01,3986315,2714566,3446524,12497128,22644533
2011-12-01,4720447,2837628,3657350,14136399,25351824
2012-01-01,4251913,2759232,3209526,11261449,21482120
2012-02-01,4253697,2572282,3269158,11848252,21943389
2012-03-01,4852072,3145198,3779082,14631027,26407379
2012-04-01,4565408,2736920,3081824,13446794,23830946
2012-05-01,3995239,2631170,3228228,13098689,22953326
2012-06-01,4355960,3083382,3984100,14885837,26309279
2012-07-01,4042116,2742960,3602545,13221948,23609569
2012-08-01,4125300,2474009,3332507,13107343,23039159
2012-09-01,5082619,3142371,4000959,15555596,27781545
2012-10-01,5117070,2760286,3261881,13751063,24890300
2012-11-01,4856400,2508294,2971609,13525470,23861773
2012-12-01,4861009,2606909,3334297,14651116,25453331
2013-01-01,4588684,2855280,2691754,12992692,23128410
2013-02-01,3964858,2612810,2518569,12007921,21104158
2013-03-01,4605110,3069280,3202688,15339677,26216755
2013-04-01,4504559,2806498,2446457,13789775,23547289
2013-05-01,4695936,2638952,2585201,14391376,24311465
2013-06-01,5088799,3075646,3127348,15494377,26786170
2013-07-01,5276950,2833259,3089942,14299285,25499436
2013-08-01,5203487,2829476,2921348,14710256,25664567
2013-09-01,6168151,3287816,3432340,16499559,29387866
2013-10-01,5769260,3029350,2965895,14443779,26208284
2013-11-01,5686117,2915040,2821297,14548986,25971440
2013-12-01,5943590,2929997,2992425,15892012,27758024
2014-01-01,5147459,3006428,2716687,14161499,25032073
2014-02-01,4863549,2938778,2712476,14827733,25342536
2014-03-01,5229275,3289521,3010751,16540479,28070026
2014-04-01,4903629,2954300,2805809,14931593,25595331
2014-05-01,5012949,3106549,2815175,15889112,26823785
2014-06-01,5803857,3517028,3284760,17297567,29903212
2014-07-01,5597133,3104611,3017027,15942850,27661621
2014-08-01,5926494,3029255,2909083,16348810,28213642
2014-09-01,6650011,3495327,3166328,18512281,31823947
2014-10-01,6654691,3094637,2962455,16302073,29013856
2014-11-01,6282068,2983455,2664856,16553730,28484109
2014-12-01,7252719,2939012,2764945,16922103,29878779
2015-01-01,5991437,2917262,2429145,15935413,27273257
2015-02-01,5446663,2776189,2469549,15381536,26073937
2015-03-01,5977805,3173811,2738802,17870302,29760720
2015-04-01,5413064,2718242,2412424,16296025,26839755
2015-05-01,5475446,2728661,2465476,17058439,27728022
2015-06-01,5710841,3030053,2817736,17850651,29409281
2015-07-01,5357005,2745077,2619438,15748025,26469545
2015-08-01,5734288,2647163,2577574,16812683,27771708
2015-09-01,6378976,3219463,2859727,18532118,30990284
2015-10-01,6032594,2851929,2650865,16622238,28157626
2015-11-01,5785315,2732998,2528916,16445700,27492929
2015-12-01,5434501,2716691,2532262,16517343,27200797
2016-01-01,5015519,2667477,2406899,15890315,25980210
2016-02-01,4645417,2601037,2479111,15344756,25070321
2016-03-01,5013270,2727631,2885339,16785738,27411978
2016-04-01,4688167,2601618,2420213,15468881,25178879
2016-05-01,4672037,2550151,2353666,15969043,25544897
2016-06-01,5458764,2875235,2800903,17292101,28427003
2016-07-01,5181088,2657225,2659002,16916336,27413651
2016-08-01,5655510,2603686,2741833,17805793,28806822
2016-09-01,6217760,3011607,3021155,19822931,32073453
2016-10-01,6305529,2833175,2898299,18366031,30403034
2016-11-01,6232739,2807319,2782121,18761053,30583232
2016-12-01,6451697,2770567,2843411,19971700,32037375
2017-01-01,5730781,2933730,2729733,17910613,29304857
2017-02-01,5807315,2746272,2679264,18574419,29807270
2017-03-01,6350709,3187802,3113700,20757115,33409326
2017-04-01,6087358,3024800,2836939,18685422,30634519
2017-05-01,6360910,3104396,2897350,19578155,31940811
2017-06-01,7313536,3361664,3199061,21436898,35311159
2017-07-01,7153867,3139210,3023297,20326779,33643153
2017-08-01,8184862,3166177,3155019,21423174,35929232
2017-09-01,8644358,3534750,3241928,22863300,38284336
2017-10-01,8792787,3393270,3196618,21676833,37059508
2017-11-01,8860372,3346019,3190511,22328251,37725153
2017-12-01,9206668,3373381,3331901,23259670,39171620
2018-01-01,7816739,3507239,3096407,21495743,35916128
2018-02-01,7735375,3443247,3109211,20927966,35215799
2018-03-01,8717938,3856051,3428833,24172691,40175513
2018-04-01,8019027,3649273,3330515,22439029,37437844
2018-05-01,7996382,3583167,3288777,23688146,38556472
2018-06-01,9017943,3765497,3563435,25597494,41944369
2018-07-01,8168704,3337214,3322525,23176808,38005251
2018-08-01,9296113,3507201,3335171,25889302,42027787
2018-09-01,11039817,3909256,3540741,26350858,44840672
2018-10-01,9207248,3489972,3343938,23418727,39459885
2018-11-01,8501628,3534085,3285539,23703721,39024973
2018-12-01,7480283,3374830,3316194,22002285,36173592
2019-01-01,5950687,3410052,2868808,19007603,31237150
2019-02-01,5649028,3363382,2774356,19414999,31201765
2019-03-01,6554652,3509253,2916222,22432963,35413090
2019-04-01,5366282,3245857,2883838,19223142,30719119
2019-05-01,5835030,3309625,2853359,20983632,32981646
2019-06-01,6477186,3268970,3158452,21964542,34869150
2019-07-01,5964352,3251646,2986946,20581471,32784415
2019-08-01,6763966,3278395,3054097,22839839,35936297
2019-09-01,7472681,3553845,3331937,24293197,38651660
2019-10-01,7685707,3295414,3062630,21890193,35933944
2019-11-01,7395197,3232841,2954333,22384365,35966736
2019-12-01,7504703,3096793,3147863,22862645,36612004
2020-01-01,7208217,3403141,2870732,19962835,33444925
2020-02-01,7164971,3277345,2812583,20263191,33518090
2020-03-01,7741609,3487521,2971588,23396261,37596979
2020-04-01,6914549,2577468,2754748,19768480,32015245
2020-05-01,7428932,2569559,2847058,21204500,34050049
2020-06-01,8548798,2956656,3068459,22784216,37358129
2020-07-01,7141254,2809945,3057783,21264572,34273554
2020-08-01,7965060,3034217,2961663,23535404,37496344
2020-09-01,8954991,3246947,3187563,26366866,41756367
2020-10-01,8584019,3436705,3212584,23591528,38824836
2020-11-01,9244994,3451950,3473308,23968190,40138442
2020-12-01,8468687,3268226,3253104,24926381,39916398
2021-01-01,7962853,3639027,3088228,25335323,40025431
2021-02-01,7944497,3541287,3126323,24375852,38987959
2021-03-01,8713428,3863775,3542104,28210096,44329403
2021-04-01,8577456,3857550,3398497,26991977,42825480
2021-05-01,9425094,3756545,3402255,27965749,44549643
2021-06-01,10112446,4110824,3799530,29152469,47175269
2021-07-01,9867186,3755895,3697571,27954754,45275406
2021-08-01,10999640,3972094,3780267,30764843,49516844
2021-09-01,11469892,4363932,4037858,30775278,50646960
2021-10-01,10637996,4115587,3874468,28618835,47246886
2021-11-01,12494591,4377977,3933647,31583574,52389789
2021-12-01,13276254,4402284,4006415,31238491,52923444
2022-01-01,10219295,4547539,3726176,28400151,46893161
2022-02-01,11533221,4582790,3847033,30343718,50306762
2022-03-01,12738970,4756086,4169438,32884730,54549224
2022-04-01,11625499,4058609,3941630,28333137,47958875
2022-05-01,12613681,4419662,4292541,31122857,52448741
2022-06-01,12100136,4566618,4023622,29406183,50096559
2022-07-01,10804439,4409117,4013737,25228516,44455809
2022-08-01,11522933,4583540,4066435,26987299,47160207
2022-09-01,13774165,4559000,4079358,26985699,49398222
2022-10-01,11688909,4454559,4030426,24097271,44271165
2022-11-01,11057371,4437356,3948385,23626157,43069269
2022-12-01,11457333,4478233,4019463,23521171,43476200
2023-01-01,9002994,4537556,3781574,20140251,37462375
2023-02-01,9395490,4408022,3912308,20447421,38163241
2023-03-01,10426524,4845999,3891443,24721530,43885496
2023-04-01,8806483,4468853,3873144,21113795,38262275
2023-05-01,9946461,4783517,4000470,22683446,41413894
2023-06-01,12298284,4870674,4048502,25820601,47038061
2023-07-01,10751171,4532194,3750443,22201592,41235400
2023-08-01,11475553,4637191,3952244,23802074,43867062
2023-09-01,13139106,5293609,4022239,27117003,49571957
2023-10-01,11971442,4455602,3827818,26125327,46380189
2023-11-01,13434747,4262038,3838010,26452611,47987406
2023-12-01,13729063,4667519,3853298,29368189,51618069
2024-01-01,11725442,4211671,3392699,24932559,44262371
2024-02-01,12242370,4211986,3553205,24814021,44821582
2024-03-01,14370787,4549024,3736395,29394303,52050509
2024-04-01,12525457,4020870,3599206,24617367,44762900
2024-05-01,14786593,4085829,3789036,28222927,50884385
2024-06-01,17012422,4426970,3938601,29282974,54660967
2024-07-01,14423623,3966809,3983817,26513686,48887935
2024-08-01,18244138,4379528,4074354,29650675,56348695
2024-09-01,19066463,4933134,4571058,32740166,61310821
2024-10-01,18727383,4139333,4049766,26879887,53796369
2024-11-01,20710242,4226356,3922863,30089659,58949120
2024-12-01,21287587,4098708,4128287,30298370,59812952
2025-01-01,16648460,3986378,3659549,26473983,50768370
2025-02-01,18028610,3937454,3563507,28544613,54074184
2025-03-01,20713691,4770882,4089901,32197775,61772249
2025-04-01,16088850,4119821,3528341,31356653,55093665
2025-05-01,18569494,4367810,3491752,33973437,60402493
2025-06-01,20768301,4645944,3790115,35651258,64855618
2025-07-01,20871700,4186096,3708201,33334793,62100790
2025-08-01,21419182,4523945,3731500,39499033,69173660
2025-09-01,25145834,5412979,3977057,43984832,78520702
2025-10-01,23591451,4706092,3835430,39514299,71647272
2025-11-01,25936756,4941819,3688326,47316124,81883025
2025-12-01,28694121,5094834,3659540,47899782,85348277
2026-01-01,24625051,5506393,3650632,46998751,80780827
2026-02-01,36199755,6560532,4032095,54762826,101555208
2026-03-01,40595854,6530959,4467292,64615492,116209597
2026-04-01,41534424,6754705,4428604,60958983,113676716
2026-05-01,46422927,8014839,4857631,72642332,131937729
